id;title;date;view_count;rating;content;is_full_content;category
34505366;Siparişim Gecikti, Canlı Destek Ve Müşteri Hizmetlerine Ulaşamadım;10 Aralık 03:10;192.0;;Yemeksepeti üzerinden verdiğim bir siparişte yaklaşık 60 dakikalık gecikme yaşadım ve bu konuda destek almak istedim. Ancak uygulama üzerinden ne canlı desteğe ne de müşteri hizmetlerine hiçbir şekilde ulaşamadım. Yıl 2026 olmak üzereyken hâlâ kullanıcıyı zorunlu yönlendirmelerle otomatik yanıtlara mahkûm eden ve sonunda da 'teşekkür' ettirip konuyu kapatan bir sistemle karşılaşmak gerçekten hayal kırıklığı yaratıyor. Ben siparişimle ilgili gecikme sorunumu bir muhatapla doğrudan konuşmak isterken, uygulama beni sürekli hazır seçeneklere yönlendirdi ve canlı biriyle görüşme imkânı sunmadı. Böyle bir gecikme yaşarken, karşımda derdimi anlatabileceğim tek bir yetkili bulamamak hem güven kaybına hem de ciddi bir mağduriyet hissine neden oldu. Yemeksepeti’nden, kullanıcıların bu tür durumlarda kolayca ulaşabileceği gerçek bir müşteri hizmetleri ve canlı destek hattı sunmasını, siparişle ilgili yaşadığım gecikme probleminde de benimle iletişim e geçecek bir yetkiliyi tarafıma yönlendirmesini talep ediyorum. Şu an tek isteğim, yaşanan gecikme ve iletişimsizlikle ilgili doğrudan muhatap bulup derdimi anlatabilmek.;True;calısmasaatleri
34495485;Sistem Hatası Nedeniyle Ciro Ve Ürün Kaybı Yaşıyorum;09 Aralık 12:17;260.0;;"Yemeksepeti’nde restoran üyesiyim. Sisteme yeni bir şube ekledim, henüz faaliyete başlamadığı için de aktif olmasını istemedim. Buna rağmen çalışma saatleri güncellenmiş ve bu süreçten sonra aktif olarak kullandığım mevcut şubemden gelen siparişleri alamadım, bildirim sesi gelmediği için siparişler otomatik iptale düştü. Diğer panellerde olduğu gibi Yemeksepeti tarafından da “siparişiniz var” şeklinde aranmadım. Yaklaşık 2 gündür bu sorunu yaşıyorum. Defalarca müşteri hizmetleri ni aradım, her seferinde sadece talep oluşturmakla yetindiler, fakat hiçbir çözüm üretilmedi. Şu an tezgahtar sayfasından kendi sandviç siparişimi almak zorunda kalıyorum ve bu durum tamamen saçmalık. Müşteriler de şans eseri hotdog sayfasından normal ekmek arası sandviç siparişi veriyor; menülerin ve şubelerin bu şekilde karışması hem iş akışımı bozuyor hem de profesyonel bir görüntü sunmuyor. Bu karışıklıktan kaynaklı ciddi ciro kaybım var ve elimde kalan ekmekler nedeniyle de doğrudan maddi zarara uğruyorum. Hem sistemsel hatanın acilen düzeltilmesini, şubelerimin doğru şekilde ayrıştırılmasını hem de bu süreçte oluşan ciro kaybımın ve ürün zayiatların Yemeksepeti tarafından karşılanmasını talep ediyorum.";True;calısmasaatleri
34096144;Yemeksepeti Kapanan Restorandan Siparişim İptal Edilmedi Aç Kaldım Ücretim İade Edilmedi;31 Ekim 00:50;580.0;;30 Ekim 2025 tarihinde saat 10.57’de Yemeksepeti üzerinden Kayseri Kartal Bulvarı’ndaki Köfteci Yusuf şubesinden Double Burger Menü siparişi verdim. Sipariş verdikten sonra uygulamada sürekli “sipariş hazırlanıyor” ve tahmini teslimat saati gösteriliyordu. Ancak teslimat süresi her seferinde 10 dakika ileri atıldı ve “restoranda yoğunluk var” şeklinde bir uyarı çıkıyordu. Yaklaşık 2 saat boyunca siparişim gelmedi, bu süreçte uygulama hâlâ siparişin hazırlanmakta olduğunu gösteriyordu ve “kurye yolda” yazıyordu. Daha sonra uygulamayı incelediğimde, restoranın aslında 1,5 saat önce kapandığını fark ettim. Buna rağmen siparişim iptal edilmedi, uygulamada hâlâ “hazırlanıyor” yazıyordu. Siparişi iptal etme seçeneği de yoktu ve müşteri hizmetlerine ulaşabileceğim bir numara bulamadım. Gece saat 1’e kadar aç bir şekilde beklemek zorunda kaldım ve başka bir yerden de sipariş veremedim. Siparişimin ücreti olan 221₺ kartımdan çekildi ve mağdur oldum. Siparişimin ücretinin iadesini ve bu tür aksaklıkların tekrar yaşanmaması için gerekli önlemlerin alınmasını talep ediyorum.;True;calısmasaatleri
34067040;Yemeksepeti'nde Canlı Destek Yok, Mağduriyet Artıyor;27 Ekim 18:36;291.0;;"Yemeksepeti tam anlamıyla mağduriyet yaşatıyor. Canlı desteği kaldırılmış; varken de zaten 'daha fazla yardımcı olamıyorum' deyip kapatıyorlardı. Kaç kere sipariş konusunda mağdur edildik ama bu sefer son. Lütfen burası kapatılsın, bu şekilde insanları mağdur edemesinler.";True;calısmasaatleri
34023222;Hesabımda Bilgilerim Dışında Kişisel Verilere Rastladım, Güvenlik Endişesi Yaşıyorum;22 Ekim 17:55;437.0;;21 Ekim 2025 tarihinde Yemeksepeti hesabıma giriş yaptığımda, hesabımda bana ait olmayan bir ev adresi (Muğla) ve başka bir kişinin adı (S***) ile e-posta adresinin kayıtlı olduğunu fark ettim. Oysa ben İstanbul Başakşehir’de yaşıyorum ve hesabımda sadece kendi bilgilerimin olması gerekiyor. Ayrıca, hesabıma Facebook ve Google hesaplarım da bağlı görünüyor. Telefon numarası bana ait olmasına rağmen, diğer tüm bilgiler başka bir kişiye ait olarak görünüyor. Sipariş geçmişimde herhangi bir hareket veya ödeme işlemi bulunmuyor. Hesabımı uzun zamandır kullanmıyordum ve bu değişikliklerin ne zamandan beri mevcut olduğunu bilmiyorum. Şifremi henüz değiştirmedim ve herhangi bir güvenlik önlemi alamadım. Yemeksepeti müşteri hizmetlerine ulaşmaya çalıştım fakat mesai saatleri içinde aramama rağmen hiçbir şekilde ulaşamadım. Herhangi bir mağduriyet yaşamadım ancak kişisel bilgilerimin güvenliğinden endişe ediyorum. Hesabımın güvenliğinin sağlanmasını ve hesabımda izinsiz olarak kayıtlı olan kişinin bilgilerinin araştırılmasını talep ediyorum.;True;calısmasaatleri
33943004;Siparişim Teslim Edilmedi, Müşteri Hizmetlerine Ulaşamadım;14 Ekim 08:29;327.0;;12.10.2025 tarihinde Yemeksepeti üzerinden Ciğerci Basri adlı restorandan kredi kartı ile sipariş verdim. Ancak siparişim hiç teslim edilmedi ve iki kez iptal etmek zorunda kaldım. Müşteri hizmetlerine ulaşmak istedim fakat başarılı olamadım. Bu durumdan dolayı mağduriyet yaşadım ve markadan en azından bir özür bekliyorum.;True;calısmasaatleri
33866472;Yemeksepeti İşletme Saatlerini Güncelleyemiyorum Hata Mesajı Alıyorum;06 Ekim 03:59;780.0;;03.10.2025 tarihinden beri Yemeksepeti üzerindeki kz7h ıd numaralı işletmemin çalışma saatlerini güncelleyemiyorum. Hem uygulama hem de web sitesi üzerinden denediğimde “bir şeyler ters gitti” şeklinde bir hata mesajı alıyorum. Bu nedenle işletmemin çalışma saatlerinde gerekli düzenlemeleri yapamıyor ve müşterilerime doğru hizmet veremiyorum. Yaşadığım bu sorunu Yemeksepeti müşteri hizmetleri ne ilettim ancak herhangi bir çözüm sunulmadı. Teknik sorunun en kısa sürede giderilmesini ve çalışma saatlerimi güncelleyebilmem için hesabımın tekrar aktif hale getirilmesini talep ediyorum. Sorunumun acilen çözülmesini rica ederim.;True;calısmasaatleri
33860440;Yemeksepeti Partner Hesabımda Şifre Ve Çalışma Saati Sorunu Mağduriyeti;05 Ekim 09:37;598.0;5.0;"3 Ekim 2025 tarihinden beri Yemeksepeti Partner hesabımda şifremi güncelleyemiyor ve çalışma saatlerimi düzenleyemiyorum. Bu nedenle restoranımı istediğim saatlerde açamıyor, çalışma saatlerimi uzatamıyor ve maddi kayıplar yaşıyorum. Sorunun çözümü için hem telefon hem de e-posta yoluyla Yemeksepeti müşteri hizmetleri yle defalarca iletişime geçtim; ancak herhangi bir çözüm sunulmadı. Restoran kodum: zhnt Kayıtlı e-posta adresim: [email protected] İletişim numaram: 0552... Acil olarak teknik destek ekibinin benimle iletişime geçmesini ve hesabımdaki sorunların giderilmesini talep ediyorum.";True;calısmasaatleri
33604045;Sipariş Aşamasında Mağaza Kapalı Uyarısı İle Yaşanan Mağduriyet Ve Müşteri Hizmetlerine Ulaşılamaması;07 Eylül 20:16;622.0;1.0;7 Eylül 2025 Pazar günü saat 19.20 civarında Ankara Etimesgut Eryaman’daki Popeyes şubesinden Yemeksepeti uygulaması üzerinden ailemle birlikte sipariş vermek istedim. Tüm ürünleri tek tek seçip ödeme aşamasına geldiğimde, “Mağaza kapalı” uyarısı aldım. Sipariş için zaman harcadık, ailece yemek bekliyorduk, ancak uygulama ödeme aşamasında mağazanın kapalı olduğunu belirtti. Sipariş veremediğim için mağdur oldum ve bu saatte ailemle ne yiyeceğimizi bilemedik. Daha önce böyle bir sorun yaşamamıştım, ancak bu durum beni çok hayal kırıklığına uğrattı. Müşteri hizmetlerini aradım fakat mesai saatleri dışında olduğu için ulaşamadım. Ayrıca herhangi bir ödeme çekilmedi. Bu tür sorunların tekrar yaşanmaması için uygulamanın düzeltilmesini ve müşteri hizmetlerinin daha ulaşılabilir olmasını talep ediyorum. Yaşadığım mağduriyet nedeniyle artık başka uygulamaları kullanmayı düşünüyorum. Uygulamanın bu şekilde devam etmemesi gerektiğini ve kaldırılması gerektiğini düşünüyorum.;True;calısmasaatleri
33599427;Gece Yarısı Bilgilendirmesiz Sipariş İptali Ve Yetersiz Müşteri Desteği;07 Eylül 02:06;743.0;;7 Eylül Pazar gecesi Bursa/Osmangazi’de Turbo Hatay Dürüm’den #q1oq-z2nx numaralı siparişi Yemeksepeti üzerinden verdim. Siparişi 00:23’te oluşturdum, yaklaşık 1 saat bekledikten sonra, 01:27’de hiçbir bilgilendirme yapılmadan siparişim iptal edildi. Restorana ulaşamadım, Yemeksepeti müşteri hizmetleri ne ise mesai saatleri dışında oldukları için ulaşamadım. Canlı yardım seçeneği de yok, yardım merkezi ne tıkladığımda ise sadece “Siparişiniz yoğunluktan iptal edildi, pardon” şeklinde otomatik bir mesajla karşılaştım. Oysa restoranın kapalı olduğu anlaşılıyor, bu konuda hiçbir uyarı yapılmadı. Bu tarz sorunları daha önce de defalarca yaşadım. Gecenin bir yarısı hem bekletilip hem de habersizce siparişimin iptal edilmesini kabul etmiyorum. Restoranın bu tavrından şikayetçiyim ve ayrıca Yemeksepeti’nde neden canlı yardım seçeneği olmadığının açıklanmasını istiyorum. Kapıda ödeme seçtiğim için ücretle ilgili bir mağduriyet yaşamadım ancak müşteri memnuniyeti açısından bu tür durumların tekrar yaşanmaması için gerekli önlemlerin alınmasını talep ediyorum.;True;calısmasaatleri
33399300;Yanlış Menü Gönderimi Ve Ücret İadesi Sorunu;17 Ağustos 22:29;691.0;;17 Ağustos 2024 tarihinde Balıkesir Burger King şubesinden Yemeksepeti üzerinden 2’li Big King Fırsat Menü siparişi verdim. Ancak bana yanlışlıkla Whopper menü gönderildi. Big King ve Whopper menülerinin içerikleri farklı olmasına rağmen, müşteri temsilcisine fotoğraflar göndermeme rağmen siparişimin doğru geldiği iddia edildi. Oysa Whopper tek köfteli, Big King ise çift köfteli bir menüdür. Sipariş numaram: #jptv-zg24. Ödemeyi kapıda, toplam 680 TL olarak yaptım. Standart bir siparişti, herhangi bir kampanya veya indirim kodu kullanılmadı. Sorunun çözülmesi için Yemeksepeti ile iletişim e geçtim ancak Burger King tarafından herhangi bir geri dönüş alamadım. Yanlış ürün gönderildiği için ücret iadesi talep ediyorum. Konuyla ilgili acil çözüm bekliyorum.;True;calısmasaatleri
33350566;Siparişim Eksik Geldi Müşteri Hizmetlerine Ulaşamadım;13 Ağustos 00:04;741.0;;12 Ağustos saat 23.00 civarında Yemeksepeti üzerinden Köfteci Yusuf Güzelyurt şubesinden hamburger menü siparişi verdim. Ancak siparişimde sadece patates geldi, hamburger ve diğer ürünler eksikti. Sorunu çözmek için Yemeksepeti müşteri hizmetlerini aradım fakat “mesai saati dışındayız” uyarısı nedeniyle kimseye ulaşamadım. Siparişin toplam tutarı olan 405 TL’yi kredi kartı ile ödedim. Daha önce böyle bir sorun yaşamamıştım. Yaşadığım mağduriyetin giderilmesi için ücret iadesi talep ediyorum.;True;calısmasaatleri
33125690;Sipariş İptali Ve Ücret İadesi Sürecinde Büyük Mağduriyet;22 Temmuz 21:12;894.0;;Yemeksepeti üzerinden sipariş verdikten 5 dakika sonra restorandan arayarak siparişimdeki ürünün olmadığını söylediler. Siparişi tamamen iptal etmelerini söylediğimde ise arayan kisi nasıl iptal edeceğini bilmediğini söyledi. Uygulama üzerinden canlı desteğe ulaşılmıyor. Telefon edince mesai saatleri dışında diye müşteri temsilcisine de ulaşılamıyor. Ben böyle bir saçmalık görmedim, asla ulaşamıyoruz. Online olarak ödemesini yaptığım ancak iptal edilen sipariş ücretinin iadesinin yapılması rica ediyorum. Restoran ismi 01 Lezzet Adana Sofrasi. Sipariş no #v8ms-3zbt;True;calısmasaatleri
33062736;Siparişim Saatlerdir Teslim Edilmedi, Destek Yok!;16 Temmuz 21:17;884.0;;"Yemeksepeti isimli uygulamadan 18.58'de yemek siparişi verdim. Saat 20.52 oldu, yemek hâlâ gelmedi. Yemeği iptal etmeye çalışıyorum fakat destek olmuyorlar. Üç temsilci de yardımcı olmadı; restoran ise hepsine '5 dakikaya götürüyorum' dedi. Gelen bir şey yok, evden çıkmam gerekiyor. Onlar yüzünden evden çıkamadım.";True;calısmasaatleri
32912826;Tahmini Teslimat Saatleri Sürekli İleri Atılıyor, Güven Kaybı Yaşıyorum;01 Temmuz 20:55;949.0;;Tahmini teslimat adresi kesinlikle doğru değil. 15 dakika sonra yani 20:00'da teslimat görünüyordu. Sipariş verdim. Süre doldukça teslimat saatini ileri atıyor. Saat 20:30 ve hala gelmedi, saati ileri atmaya devam ediyor. Her siparişimde böyle oluyor. Siparişin 1 saatte teslim edilmesi sorun değil ancak tahmini olarak verilen saatin insanları yanlış yönlendirmek üzere olması çok çirkin bir davranış. Bir daha Yemek Sepeti kullanmayacağım.;True;calısmasaatleri
32885905;Yoğunluk Bahanesiyle Yemek Sistemi Kapatıldı;29 Haziran 01:36;1.067;;Saat 11 civarında yemek sistemim kapatıldı. Uydurulan bahane ise şu şekilde: Kurye dükkanınızdan yoğunluk tespit edilmiş. Oysa sabahtan beri sadece üç adet Yemek Sepeti üzerinden müşteri siparişi aldım. Sistemimi kapatmışsınız, sebep olarak motor yoğunluğu deniyor. Burada hiçbir yoğunluk yok, motor da yok. Sabahtan beri yalnızca üç müşterim oldu. Neden kafanıza göre sistemi kapatıyorsunuz? Eğer bahane buysa, bunun ne anlamı var?;True;calısmasaatleri
32868855;Hızlı Teslimat Ücreti Alınıp Siparişler Geç Geliyor;27 Haziran 11:17;1.049;;Yemeksepeti, hızlı teslimat adı altında para alıyor. Siparişler geç geliyor. Benim gibi belki yüz binlerce insana yapıyor. Ne müşteri hizmetleri var ne de yardım merkezi var. 444'lü numarayı arıyoruz, sadece çalıştığı firmalara hizmet veriyoruz diyorlar. Tüketici heyetine kadar taşıyacağım. Bu konu iki kez başıma geldi.;True;calısmasaatleri
32865925;Yemek Sepeti İşletme Desteği Listelenme Sorunumuzu Çözmüyor;26 Haziran 22:56;981.0;;Restoranımız Öğleden Beri listelenme Sorunu yaşıyor ancak Yemek Sepeti işletme destek hattı konu ile ilgili hiçbir şekilde destek olmuyor. Defalarca email attım.------------------------------------------------------------------------------------------;True;calısmasaatleri
32831939;Onaylanmayan İşlemde Para Çekildi, İade Yapılmıyor!;23 Haziran 19:38;951.0;;"Ben böyle saçma bir sistem görmedim. McDonald's'tan sipariş veriyoruz. Çekim yapılıyor, 'hatalı işlem' diyorlar, onaylanmıyor ama parayı çekiyorlar. Böyle bir sistem olamaz. Mesai saatleri değilmiş; 19.11'de aradık. Benim paramı geri vermeliler. Aynı gün içinde dönüş yapacaklarmış, ancak aradığımız numaraya ulaşamıyoruz ki! Bu ikinci kez oldu ve gerçekten çok rahatsız edici.";True;calısmasaatleri
32822812;Yemek Sepeti'nde İletişim Sorunu Ve Geciken Siparişler;22 Haziran 21:43;975.0;;Yemek Sepeti'nin bu kalitesiz ulaşılabilirliği nedir? Yardım merkezi ne ulaşmak istiyoruz, mesaj yazılamıyor ve insanlarla dalga geçiliyor. İki kurye fazla çalıştırmak yerine, insanları bir saatten fazla bekletiyorlar. Kimseye ulaşamıyoruz. Siparişler çok geç geliyor. Dün salata söyledik, bir buçuk saatte geldi. İki motor fazla koy arkadaşım, dünyanın parasını almayı biliyorsunuz.;True;calısmasaatleri
32821787;Eksik Sipariş Ve Yetersiz Müşteri Desteği Hayal Kırıklığı Yarattı;22 Haziran 18:35;990.0;;Yemek sepetine şikayet için hiçbir şekilde telefon ile ulaşılamıyor. Sadece restorant ve birlikte çalıştıkları iş ortaklarına telefonla destek veriyorlar. Kızıma hamburger menü söyledim, paket yarım açık geldi ve içinde hamburgeri yoktu. Bunu ödedikten sonra fark ettik. Hemen iletişim e geçmeye çalıştık. Sağ olsun yemek sepetine ulaşmak ne mümkün. Canlı desteğe de paketimiz hala yolda gözüktüğü için ulaşamadık. Sonunda canlı desteğe ulaştık ama kupon hediye ettiler. Sağ olsunlar. Ama şu an kızım aç kaldı ve zarara girdik. Bu olay ilk değil Yemek Sepeti ve Burger King ile yaşadığımız kaçıncı olay.;True;calısmasaatleri
32755464;Yemeksepeti GO Kuryelerinin Hizmet Aksaklığı Ve Yüksek Komisyon Mağduriyeti;16 Haziran 05:07;1.344;1.0;Konu: Yemeksepeti GO Hizmetinin Kaldırılması Talebi ve Mağduriyet Bildirimi Sayın Yetkili, İşletmemiz Kokoreç (sp-03) adına sizlere bu yazıyı, Yemeksepeti GO hizmetiyle yaşadığımız ciddi mağduriyetleri iletmek ve çözüm talebimizi sunmak amacıyla yazıyoruz. Yemeksepeti GO kuryelerinin birçok kez 4 km gibi yakın mesafedeki mahallelere dahi sipariş götürmemesi ve gece saat 00:00’dan sonra GO hizmetinin tamamen durması, siparişlerin iptal edilmesine ve müşteri memnuniyetinin düşmesine yol açmaktadır. Bu durum satışlarımızda ciddi bir azalmaya sebep olmuştur. Ayrıca tarafımıza uygulanan yüksek komisyon oranları, işletmemizi ekonomik olarak zorlamaktadır. Bu nedenlerle, Yemeksepeti GO hizmetinin işletmemizden kaldırılmasını ve kendi kurye ekibimizle devam etmek istediğimizi bilgilerinize sunuyoruz. Gerek müşteri memnuniyeti gerekse işletmemizin sürdürülebilirliği açısından bu talebimizin en kısa sürede işleme alınmasını önemle rica ederiz. Saygılarımızla, M****** K*** İşletme Adı: kokoreççi koko (sp-03) Telefon: 0552*****39 30 E-posta: e*************@gmail.com;True;calısmasaatleri
32692647;Yanlış Pizza Teslimatı Ve İlgisiz Müşteri Hizmetleri Deneyimi;09 Haziran 22:51;993.0;;Bu firma üzerinden Pizza Coo'dan büyük boy karışık pizza siparişi verdim, ancak başkasının orta boy pizzası getirildi. Şubeyi aradığımda, konunun kendileriyle alakalı olmadığını ve firmayı aramam gerektiğini söylediler. Yemeksepeti'ni aradığımda ise ilgilenmediklerini, ilgili birimin 48 saat içinde dönüş yapacağını belirttiler. Müşteri hizmetleri , görüşmeyi sonlandırdı. Yemeksepeti'ni tekrar aradığımda, mesai saatleri dışında oldukları için ulaşamadım. Yemek kartı ile ödeme yapmak istediğimde ise ödeme yapılamadı. Ekte fişi de paylaşıyorum.;True;calısmasaatleri
32686932;Siparişlerim Sürekli Gecikiyor Ve İptal Etmek İstiyorum;09 Haziran 00:22;983.0;1.0;Saat 22.09 da verdiğim sipariş saat 23.50 oldu hala ortada yok. Alt tarafı 2 Jelibon 1 cips getirmek bu kadar mı zor? Geçenlerde sipariş verdiğim donutlar 2 saat sonra geldi. Şimdi bu siparişlerinizi alın müsait bir rafınıza koyun. İptal etmek istiyorum. Hemen.;True;calısmasaatleri
32672204;Siparişin Teslim Edilmemesi Ve Canlı Yardıma Ulaşılamaması;06 Haziran 02:01;985.0;;Yemeksepeti'nden 12.00-12.20 civarında sipariş verdim. Bir buçuk saattir siparişim getirilmedi. Pizza Lazzayı aradığımda, Yemeksepeti'nin kurye atayamadığını söylüyorlar. Siparişimin iptaline de izin verilmiyor. Ayrıca, yardım kısmından canlı yardım a da bağlanamıyorum.;True;calısmasaatleri
32663080;Yemek Sepeti Üzerinden Verilen Siparişte Gecikme Ve Müşteri Hizmetleri Sorunu;05 Haziran 01:44;1.287;;Yemek Sepeti uygulaması üzerinden McDonald's işletmesinden yemek istedim. Durmadan saati ileri atıyor ve Moto kuryeyi farklı yerlerde gösteriyor. Siparişi iptalde edemiyorum. Muhatap da bulamıyorum. 2saat oldu. Yemek bekliyorum. Yemek sepetinin müşteri hizmetleri çok kötü;True;calısmasaatleri
32622230;Yanlış Ürün Gönderimi Ve Müşteri Hizmetlerine Ulaşılamaması;31 Mayıs 23:23;853.0;;Yemeksepeti nden 2 adet 1 kiloluk kakaolu dondurma satin aldım. Bana 2 adet yarım kiloluk dondurma geldi. Satıcı ile konuştuğumda onun ekranında 2 tane yarım kiloluk dondurma siparişi olduğunu söyledi. Görseli koyuyorum merak eden bakabilir. Yemeksepeti'ni aradım ama mesai saatleri dışında olduklarını öğrendim. Merak ediyorum madem mesai saatleri dışındasınız neden ben sizden alışveriş yapabiliyorum bu haksızlık değil mi? Simdi ben kimi kime şikayet edeceğim?;True;calısmasaatleri
32560717;Gece Saatlerinde Kuryenizin Rahatsız Edici Davranışı;26 Mayıs 02:25;984.0;;Eskişehir Tepebaşı Başarılı Sokak'ta bir kuryeniz, arkadaşımla işten çıkarken bizi sıkıştırdı. Önce Barlar Sokağı'nı sordu, sonra köprüde önümüzde durup 'Kafam çok güzel şu an' şeklinde konuştu. Gece saat 2 civarıydı, plakası da 26 AKJ 58 veya 46 idi. Bilginiz olsun, biz iki kız olarak rahatsız olduk. Kendisine bunu da belirttik, umarım kendisi de fark eder.;True;calısmasaatleri
32402147;Siparişin Saatlerce Gecikmesi Ve Ulaşılabilir Olmamaları;09 Mayıs 12:25;940.0;1.0;Yemeksepeti uygulamasındaki restoranların, özellikle Köfteci Yusuf firmasının teslimat saatleri yanlış gösteriliyor. 30 ila 45 dakika teslimat süresi belirtilmesine rağmen, siparişim tam 2 saatte teslim edildi ve buz gibiydi. Ayrıca, ne Yemeksepeti'ne ne de Köfteci Yusuf'a kesinlikle ulaşamadım.;True;calısmasaatleri
32385855;Kokmuş Ürün Ve İlgisiz Müşteri Hizmetleri Nedeniyle Mağduriyet;07 Mayıs 19:46;965.0;;Yemeksepeti Market'ten tavuk kanadı aldım, ancak kokmuş ürün gönderildi. Müşteri hizmetleri ilgisizdi, geri dönüş yapılmadı. Mesai saatleri içinde ulaşmamız gerektiği söylendi. Geri dönüş olmazsa yasal haklarımı kullanmaktan çekinmeyeceğim, kamera görüntüleri de mevcut. Hakkımı helal etmiyorum.;True;calısmasaatleri
32335943;Yemeksepeti Mağazamız Günlerdir Açılamıyor, Destekten Çözüm Alamıyoruz;02 Mayıs 17:15;895.0;;Yemeksepeti mağaza ortağıyız, yaklaşık 15 gündür mağazamız kapalı ve açılamıyor. Yemeksepeti destek ekibini ısrarla her gün aramama rağmen, cevap hep 'Ben bildiriminizi aldım, kısa sürede dönüş sağlanacaktır.' şeklinde oluyor. Bugün 19. gün ve hâlâ bir çözüm yok.;True;calısmasaatleri
32328883;Yemeksepeti'nin Kurye Politikası ve Yüksek Komisyonları İşletmemizi Zorluyor;01 Mayıs 22:23;1.241;1.0;Yemeksepeti kuryeleriyle değil, kendi kuryelerimizle çalışmak istiyoruz. Yaklaşık altı ay boyunca Yemeksepeti'ne konuyu iletmemize rağmen yalnızca iki kez dönüş aldık fakat bir sonuç elde edemedik. Kuryelerin çalışma saatleri ile iş yerimizin çalışma saatleri uyuşmuyor. Sipariş hazırlama ve teslimatlarında sorun yaşıyoruz. İşletmelerden alınan %40'a varan komisyona ek olarak, kullanıcılardan alınan 41 TL'lik teslimat ücreti sipariş sayılarımızın düşmesine sebep oluyor. Belirttiğimiz sebeplerden ve Yemeksepeti'nin kurye ısrarından dolayı işletmemiz, diğer işletmeler ve kullanıcılar mağdur edilmektedir.;True;calısmasaatleri
32313793;Siparişimde Zamanlama Hatası Ve Saygısız İletişim Deneyimi;30 Nisan 11:47;1.189;;"Turhal/Tokat Köz Pide Salonu'ndan Yemek Sepeti uygulaması üzerinden ileri bir tarihe 6 adet lahmacun siparişi verdim. Siparişim 12.30-12.45 saatleri arasında teslim edilmesi gerekirken, olması gereken saatten tam iki saat önce getirildi. Üstelik komşularımı rahatsız ettiler ve beni üç farklı numaradan 9-10 kez aradılar. Ayrıca WhatsApp ve SMS üzerinden tehdit edici mesajlar gönderdiler. Üslupları ve saygısızlıkları kabul edilemezdi. Müsait olmadığım için telefonu açamadım; tekrar aradığımda ise neden açmadığım konusunda beni azarlamaya çalıştılar ve numaramı emniyet müdürlüğüne vereceklerini söylediler. İşlerini düzgün yapmadıkları için dersten çıkıp siparişi almak zorunda kaldım.";True;calısmasaatleri
32292184;Müşteri Hizmetlerine Ulaşamama Ve Güvenlik Endişesi;27 Nisan 21:03;890.0;;Yemeksepeti'ne ulaşabilmek neredeyse imkânsız. Cep telefonuma durduk yere SMS onay kodu geliyor. Bu nedenle müşteri hizmetlerine ulaşmaya çalışıyorum. Olası bir veri güvenliği sorununu önlemek için çabalıyorum ancak bir türlü ulaşamıyorum. Bu durum gerçekten saçma. Sürekli canlı yardım a yönlendiriliyorum, orada da sadece metin okutuluyor.;True;calısmasaatleri
32283870;Soğuk Ve Eksik Malzemeli Dürüm Hayal Kırıklığı;26 Nisan 17:34;744.0;;26.04.2024 tarihinde internetten Usta Döner den Yemeksepeti üzerinden dürüm tavuk döner (80gr) sipariş ettim. İçinde sözde kokteyl sos ve kibrit patates olması gereken dürümün içinde bunlar yoktu ve içindeki döneri çok azdı. Üstüne üstlük dürüm çok soğuk geldi. Buz gibi bir dürüm yedim.;True;calısmasaatleri
32251494;Sipariş Gecikmesi Ve Müşteri Hizmetlerine Ulaşılamaması;23 Nisan 01:35;821.0;;"Yemek Sepeti tam anlamıyla insanı mağdur ediyor. Sipariş veriyorum, 'restorana ve kuryeye verildi' diyor; aradan 40 dakika geçiyor, hâlâ gelmiyor. Uygulamaya bakıyorum, 'yolda' diyor; sonra restoran siparişi iptal ediyor. Siparişi 1 saat 20 dakika bekledikten sonra 'çalışma saatleri dışında' deniyor. Kartımdaki son parayla sipariş veriyorum, açım, param da yatmıyor, yemek de yiyemiyorum. Hiçbir müşteri temsilcisiyle görüşemiyorum. Neden acaba bu kadar önemsemiyorsunuz, gerçekten anlamıyorum.";True;calısmasaatleri
32248354;6 Aydır Restoranım Listelenmiyor, Çözüm Yok!;22 Nisan 18:49;652.0;1.0;"Yemeksepeti beni listelemiyor. 6 aydır sözleşmem var. Yüzlerce mail attım, bir o kadar da aradım ama halen beceremediler. Listelerde görünmüyorum. Ekran video kaydı attım, yetmedi; ekran görüntüsü attım, tek tek o da olmadı. 6 ayda askerlik yapılıyor, siz bir restoranı listeleyemediniz. Her aradığımda listeleniyor gözüktüğünü iddia ettiniz. Talep oluşturdum, defalarca dönüş olmadı.";True;calısmasaatleri
32228307;Yemeksepeti Market: Gecikmeler Ve İptallerle Dolup Taşan Bir Deneyim;20 Nisan 18:11;634.0;1.0;Yemeksepeti market alışverişinde süreye bakıyorsunuz 15-20 dakika aralığı gösteriyor. Acil bir şey lazım oldu. Sipariş verdiniz ve yandınız. Ne mümkün 20 dakika? Bazen 40 dakikayı geçiyor. Bazen siparişiniz iptal ediliyor. Bugün saat 17.07 de oluşturmuş olduğum sipariş şu an itibari ile hala gelmedi ve sürekli ileri bir tarihe atıyor. Uygulamayı sileceğim gerek yok bu kadar ciddiyetsizlik. Kendim gidip alsam daha kısa sürede işimi halledebilirdim. Şu an varış saati 17.52 gösteriyor hala kurye yolda bile değil. Sinir harrbi yaşamamak mümkün değil.;True;calısmasaatleri
32226167;Yemek Sepeti'nde Cafe Açılış Sorunu;20 Nisan 12:46;539.0;;Yemek Sepeti'nde, online olarak cafe açılış saatinde açılmak istendiğinde sistem açılmıyor. Açma butonu sürekli dönüyor ve yardım merkezi nden ürün talebi alınamıyor. Üç gün boyunca bu sorun devam ediyor. Bunun için ne gibi işlemler yapmalıyız? Yardım merkezine basıldığında yeni bir sayfa açılıyor.;True;calısmasaatleri
32157950;Yemeksepeti Deposu: Bitmeyen Gürültü Sorunu;12 Nisan 22:05;594.0;;Maltepe fındıklı petrol sokaktaki Yemeksepeti deposundan akşamları gelen yüksek ses müzik defalarca şikayet etmemize rağmen çözüme kavuşmuyor bir türlü. Kısa süreli çözüm oluyor. Bir iki ay maksimum oda sonrasında tekrar başlıyor. Pandemiden beri bıktık usandık artık. Bir denetleyici yok mu bezdik yıllardır artık ya;True;calısmasaatleri
32093095;Yanlış Teslimat Ve İptal Beklentisi;06 Nisan 17:41;626.0;;06.04.2025 tarihinde Yemeksepeti uygulaması üzerinden sipariş verdim. Ürün teslim edildi olarak gözüküyor ama ben hâlâ bekliyorum. Haberim olmadan nereye teslim edildi? Ben neden bilmiyorum? Direkt şubeyi aradığımda biz sadece kuryeye veriyoruz. Sonra ne oluyor. Bilmiyoruz tarzı saçma sapan açıklamalar yapıyor herkes kendi kafasına göre iş yapıyor. Gereğinin yapılmasını arz ediyorum. Siparişimin iptalini de hala bekliyorum;True;calısmasaatleri
32069858;Burger King Siparişinde Uzayan Bekleyiş Ve Saygısız Hizmet;03 Nisan 23:17;785.0;;Burger King'ten bir sipariş verdim. Tam 2 saattir bekliyorum. Canlı desteğe bağlandım, sorun çözülmedi. Bilgi verilmedi. İptal etmek istedim, edilmedi. Para iadesi olmadı. Kurye aşırı saygısızdı. Siparişleri böyle bir hizmet için vermiyoruz, saatlerdir bekliyoruz.;True;calısmasaatleri
32038158;Yemek Siparişi Teslimatında Büyük Gecikme;30 Mart 23:20;683.0;3.0;Yemek Sepeti'nden saat 20.00'de sipariş verdim. Saat 22.56'da Öncü Döner 'den sipariş verdim. Bir daha vermeyeceğim. Çok kötü, hala gelmedi. Hizmet kötü. Kuryeyi aradık, hala gelmedi. Bayram dedi ama 3 saat geçti. Artık sipariş vermeyeceğim. Çok kötü puanım: 1;True;calısmasaatleri
31721225;Geç Gelen Yemek Ve Yetersiz Müşteri Hizmeti;26 Şubat 01:53;999.0;;Bir yemek söyledim, 2 saat oldu. Neredeyse bir haber yok, bir şey yok. Bir de köklü firma deniyor. Başka ilden geliyor galiba. Böyle bir durum görmedim. Yaptığınız hiçbir şey düzgün işlemiyor. Ne yemek hakkında bilgi verecek bir müşteri temsilciniz dahi yok. Yazıklar olsun.;True;calısmasaatleri
31718076;Teslimat Süresi Sorunu: Bekletilmekten Bıktım!;25 Şubat 19:22;940.0;;Teslimat süresine 30 dakika veriyor. Her süre yaklaştığında 5 dakika 5 dakika ileri atıyor ve her seferinde bu sorunu yaşıyorum. Yaşamama rağmen sipariş de veriyorum. Hesabı ve uygulamayı sileceğim. Ya verilen süreye uyun ya da süreyi uzun verin. Bari insanlar sizi bekliyor.;True;calısmasaatleri
31674329;Gece Hizmet Eksikliği Ve Yanıltıcı Bilgi Sorunu;21 Şubat 05:05;1.242;;24 saat açık olan Marketim, Jqua mağaza Yemek Sepeti mahallede kapalı görünüyor. Lütfen sorunu acil şekilde çözün. Kuryeye boşu boşuna para ödüyorum. Gece müşteri hizmetleri ne bağlanmaya çalışıyorum, gece kimse yardımcı olamıyor. Müşterilerimiz arayarak şikayet ediyor.;True;calısmasaatleri
31663461;Pizza Siparişi Teslim Edilmedi;20 Şubat 03:08;975.0;;Yemek Sepeti isimli uygulamadan verdiğimiz pizza siparişimiz teslim edilmedi. Siparişimiz 'hazırlanıyor' aşamasında kaldı, fotoğrafta göründüğü gibi. Yaklaşık 10 kere aramamıza rağmen, firmaya ait 3 adet aynı adres ve telefon numaralı restoran bulunuyor.;True;calısmasaatleri
31652612;Gece Yarısı Waffle Krizi: Sipariş İptali Ve İlgisiz Hizmet;19 Şubat 03:10;1.265;;Saat 1 civarı eşimin canı waffle çekti. Yemek Sepeti'nden Bwm Bubble Waffle isimli firmadan sipariş verdim. Aradan 40-50 dakika kadar zaman geçti ve restoranı ara diye bir seçenek vardı. Siparişin akıbetini merak edip aradım, ilk aramada ulaşamadım. İkinci aramada telefonumuza yanıt aldık. 'Sistemi 12'de kapatmıştım. Kendi açılmış, sistemde hata var.' gibi bir açıklama aldım. Akabinde siparişim hemen iptal edildi. Çok saygısız bir davranış. Siparişi verir, vermez kapansa anlarım. 45 dakika bekledikten sonra açık yer kalmadı. İşini düzgün yapmayan firmalara yer verilmesin lütfen. Bu durum benim için oldukça önemliydi. İlgisiz bir personel yüzünden çok ciddi manada mağdur edildim. Lütfen bu konuya daha hassas yaklaşın, bizim canımız sıkıldı, bari başkasının canı yanmasın.;True;calısmasaatleri
31555920;Restoran Kapalı Olduğu Halde Sipariş Alındı;09 Şubat 19:06;1.267;3.0;Sipariş verdim. 26 dakika sonra, sipariş verdiğim restoran kapalı diye siparişim iptal edildi. Akşam saatleri bile değilken henüz neden iptal oldu, anlamadım. Madem iptal edildi, neden 26 dakika sonra geri dönüş oluyor veya hala restoran aktif?;True;calısmasaatleri
31511962;Yanlış Sipariş Sorunlarıyla Boğuşuyorum!;05 Şubat 09:51;943.0;;"Ben sürekli Yemeksepeti'nden sipariş veren biriyim. Yaklaşık bir aydır Yemeksepeti sürekli yanlış sipariş hazırlayıp gönderiyor. Bunu defalarca söylememe rağmen hiçbir şekilde kale almıyorlar. Bence kapatılması gerek; insanlar yanlış sipariş için paralarını vermiyor.";True;calısmasaatleri
31485171;Yemeksepeti'nde Restoran Görünmeme Sorunu;02 Şubat 14:33;1.028;;Etz6 ID numaralı restoranım, çalışma saatleri içinde ve restoran çalışma mesafeleri içinde Yemeksepeti uygulamasında listelenmiyor ve bu sorunla çok sık karşılaşıyoruz. Müşteri hizmetleri doğru düzgün yardımcı olmuyor. Bu konu hakkında acilen bir geri dönüş sağlanmasını istiyorum.;True;calısmasaatleri
31144060;Kredi Kartı Sorunu Ve Yetersiz Müşteri Desteği;29 Aralık 2024 18:10;1.386;1.0;Kredi kartlarımın hiçbirinden şu anda sipariş almıyor. Ac ac bekliyoruz. Canlı müşteri desteği yok. Restaurant hattını aradım yüzüme kapattı. Bu su demek oluyor. Bizim için müşteri önemli değil ne yaparsanız yapın. Koskoca reklam yapan firma bizi umursamıyor. Alternatifiniz çok hizmetten kısarken müşteriden oluyorsunuz. Haberiniz yok;True;calısmasaatleri
31112423;Antalya Kepez'de Sipariş Sorunu;26 Aralık 2024 13:06;2.464;;Antalya Kepez bölgesinde, 'Pilavcı Sefo' isminde bir restoranım var. Bilgisayardaki panelde her şey yolunda fakat müşteri sipariş vermek istediğinde 'geçici süreyle kapalı' diye bir ibare çıkıyor. Fakat dükkân açık. Sadece benim değil, çevremdeki diğer işletmelerde de aynı sorun var. Müşteri hizmetleri ni aradık, her şey normal diyorlar. Bu sorunun giderilmesini ve bu süreçte yapamadığım satış tutarının tarafıma iadesini istiyorum.;True;calısmasaatleri
31094486;Gece Yarısı Aramalarıyla Bitmeyen Rahatsızlık;24 Aralık 2024 19:09;1.515;;Eski bir PizzaLazza çalışanıyım. PizzaLazza'dan ayrılalı ortalama bir buçuk sene geçti. Hâlâ inatla gecenin 05.00 sularında Yemek Sepeti tarafından aranıp, ismini bilmediğim müşterilerin sipariş durumunun ne alemde olduğu soruluyor. Ben artık orada çalışmıyorum diyorum, yüzüme kapatıyorlar ve o saatlerde uykumdan uyanmış oluyorum. Bu süre zarfında, 1 buçuk senedir eski operasyon müdürüme sürekli numaramın artık silinmesi gerektiğini bildirdim belki 10 kez. Kendisini severim ama hâlâ aranmaya devam ediliyorum ve uykumdan uyanıyorum. Engelliyorum ve hâlâ devam ediyor. Çok bunaldım.;True;calısmasaatleri
30760995;Yemek Sepeti İle Pizza Bekleyişi: Mahcubiyet Ve Hayal Kırıklığı;24 Kasım 2024 01:37;1.72;;Yemek Sepeti'nin 1 saat 30 dakikadır getirmediği pizza nedeniyle bu platformu 1 yıl önce de sırf bunun için kullanmayı bırakmıştım. Ama artık değil kullanmak, telefonumda bile uygulaması kalmayacak. PizzaLazza'dan bir sipariş verdim. Saat 23.52'de hesabımdan para çekildi, şu an saat 1.12 ve siparişimi iptal ettim. Bu kadarı da olmaz, misafirlerim vardı ve maalesef mahcup oldum.;True;calısmasaatleri
30751957;Yemek Sepeti Canlı Destek Ve Teslimat Sorunları;23 Kasım 2024 02:11;1.922;1.0;Yemek Sepeti canlı destek yönünden müşterilerine resmen ne haliniz varsa görün muamelesi yapıyor. Sipariş geç kalıyor. Muhatap olacağımız kimse yok. Yardım ve destek ekibiniz nerede acaba? Sipariş teslimat saatleri özellikle gece sıklıkla aksıyor. Üye iş yerleriniz çalışma saatlerine uymuyor. Sipariş veriyoruz. Sonra uğraşıp duruyoruz. Bu şekilde devam edecekse eğer iptal edemediğim siparişin ücretini ödemeyeceğim bilginiz olsun. Kuryelerinizden de herhangi bir olumsuz tepki alırsam kendi bildiğim şekilde davranırım.;True;calısmasaatleri
30666714;Pizza Siparişim Kayboldu!;15 Kasım 2024 10:51;2.033;;Dün akşam Yemeksepeti'nden Pizza Hut'tan pizza siparişi verdim. Sipariş verdikten sonra restoran kapandı ve sipariş hazırlanıyor olarak gözüktü. Ardından kuryeye teslim edildi bilgisi geldi. 2 dakika sonra kurye değişikliği yapıldığı bildirimi düştü ve bu süre zarfında ne Pizza Hut'a ne de Yemeksepeti'ne ulaşabildim. Siparişim tam 1 saat 10 dakika sonra teslim edildi dendi, ancak yemeğim gelmedi. Müşteri hizmetleri ne ise 1 buçuk saat sonunda ulaştım ve ne kurye ile ne de restoran ile iletişime geçebildiler.;True;calısmasaatleri
30432425;Yemeksepeti'nde Sürekli Kapanan Market Sorunu;21 Ekim 2024 16:57;2.246;5.0;Yemeksepeti hakkında şikayetim var. Yaklaşık iki haftadır bu haftayla üç olacak. Çelikkayalardan sürekli alışveriş yaptığım halde bazen kapalı olabiliyordu ama bir ya da iki gün içinde açılıyordu. İki haftadır marketten sipariş vermeyi bekliyorum. Pazar 4.00' e kadar kapalı olduğu yazıyor. Pazartesi baktığımda yine aynı pazar gününe kadar kapalı yazıyor. Artık satış yapılmayacaksa bekletmenin anlamı ne? Ayrıca Yemeksepeti e-mail desteğe yazdım ama ilgilenen yok.;True;calısmasaatleri
30396013;Yanlış Adres Sorunları Ve İletişim Eksikliği;17 Ekim 2024 11:53;3.306;5.0;Müşteri temsilcisini arıyorum hiçbir menüde cevap yok. Yemek Sepeti kuryeleri hep yanlış adreste, restorana sipariş verdim. 45 dakika sonra iptal ve karşında hiç muhatabın yok. Bunları birden fazla kez yaşadım. Lokasyonum Cihangir/ Beyoğlu. Alternatifler aramaya başladım. Paramı geri istiyorum;True;calısmasaatleri
30294158;Uzun Süredir Giriş Problemi ve Çözüm Beklentisi;07 Ekim 2024 01:50;2.319;;Giriş yapamıyorum. 9 aydır girmiyordum ama şimdi hiçbir şekilde olmuyor. Şifre yenileme falan kesinlikle işe yaramıyor. Sizden ricam, bir an önce hallolursa sevinirim. Mail de attım ama çözüm yok. Yemek Sepeti ailesine tekrar giriş yapmak istiyorum. Merkeze gittim, mail gelecek dendi, hala gelmedi.;True;calısmasaatleri
30227688;Yemeksepeti Sipariş Karışıklığı Ve İptal Sorunu;29 Eylül 2024 23:28;2.512;;Ben böyle bir işletme görmedim! 1 saat 30 dakikadır hazırlanıyor gösteren siparişimi kurye karıştırmış. Yemeksepeti'nden hazırlanıyor gösteren siparişime, Yemeksepeti iptal etmiş diyor. 2 saat sonra yemek istiyorsanız sipariş verebilirsiniz. Ayrıca iptali bir çalışan etmiş, iletişim kurduğum hanımefendinin haberi bile yok. 5 dakika önce kuryede dediği siparişime, 5 dakika sonra aradığımda iptal diyor 🥹🫠;True;calısmasaatleri
29883096;İş Bilmez Yemeksepeti Personelleri 1.5 Aydır Bir Sorunu Çözemediler;29 Ağustos 2024 08:51;3.261;;Yemeksepeti'nde bulunan soğuk sandviç üzerine olan işletmem tam 1,5 aydır tüm ayarlarımın doğru olmasına rağmen en aktif olmam gereken saatlerde kapalı gözüküyor (güncel resmi görsellere ekledim). 1,5 aydır her hafta 2-3 sefer Yemeksepeti'ni aramama rağmen insanla dalga geçer gibi her aradığımda ekip arkadaşlarımıza iletiyorum, kayıt oluşturuyorum, size en fazla 3 gün içinde dönüş yapacaklar diyorlar ve daha bir kez olsun sorunumla alakalı arayan olmadı. Mail üzerinden yazın dediler. Mail üzerinden yazdım. Görseller gönderdim. Dalga geçer gibi bir cevap geldi. İşletmeniz aktif konuma getirilmiştir diye, yazdığı saatte zaten işletmem aktifti. Benim açılış kapanış saatim sabah 7 akşam 9 olmasına rağmen benim işletmem Yemeksepeti üzerinde sabah 10 akşam 9 arası aktif gözüküyor. Yemeksepeti iş bilmez bir avuç insanla çalışıyor ve kendi kalitesini düşürüyor. Şu sorunu çözün artık.;True;calısmasaatleri
29832472;Yemeksepeti Adıma Sipariş Verildi;24 Ağustos 2024 00:57;3.304;;Yemeksepeti adına hesabıma girilip 23 Ağustos 22:00-00:00 arasında yaklaşık 6 tane sipariş verildi. Bu olaylar yaşanırken Yemeksepeti müşteri hizmeti mesai saatleri dışında olduğu için ulaşamadım ve hesabımı iptal ettiremedim. Yemeksepeti cüzdanımda 900 liram kalmış halde hesabımı kendim kapatmak zorunda kaldım. Kapatana kadar bin türlü takla attım. Aradığım bütün numaralar biz restoranlara hizmet vermekteyiz müşteri için başka numaraları arayın dediler. Çok sancılı bir 2 saat geçirdim.;True;calısmasaatleri
29816975;Yemeksepeti Partner'de Şifremi Güncelleyemiyorum!;22 Ağustos 2024 17:01;3.381;;Yemeksepeti Partner'de şifremi güncelleyemiyorum, çalışma saatlerini düzeltemiyorum. Mail yoluyla çözüm sağlayamadık, lütfen yardımcı olur musunuz? Restoran kodu o1*3;True;calısmasaatleri
29815437;Yemeksepeti Müşteri Hizmetleri İlgilenmiyor Kapalı Gözüküyor Hesabım;22 Ağustos 2024 15:10;3.502;;Yemeksepeti restoranı ilk zamanlar sipariş alabilirken şimdi kapalı olarak gözüküyor. Kaç kere müşteri hizmetleri ni aradıysam hepsi 'size dönüş sağlanacaktır' deyip telefonu kapatıyor. Hala bir sonuç alamadım ve hala sipariş alamıyorum. Her aradığımda 'restoranınız açık' deyip kapatıyorlar telefonu.;True;calısmasaatleri
29773278;Yemek Sepeti İşletme;19 Ağustos 2024 00:29;2.909;1.0;Uygulamayı yaklaşık 3 aydır kullanıyorum fakat bazı ürünlerimde fotoğraf yok, asla koyamıyorum, hata veriyor. Çok kez yazdık, olumlu dönüş alamadık. Lütfen bir zahmet artık ilgilenin. İletişim : 0506********51 ya da mail üzerinden d***********@gmail.com lütfen.;True;calısmasaatleri
29771675;Yemeksepeti Yanıltıcı Restoran Durumu Ve İptal Edilen Sipariş;18 Ağustos 2024 20:49;2.964;2.0;Yemek Sepeti, restoran açık olmadığı halde açıkmış gibi gösterdiği için sipariş verdim ve iki saat bekledim. Sonra siparişimi iptal ettiler. Hiçbir şekilde Yemek Sepeti'ne ulaşamadım ve uygulamayı sildim. Bir daha bu uygulamayı kullanmayacağım, zamanıma yazık oldu.;True;calısmasaatleri
29736044;Yemeksepeti Sipariş Gecikmesi Ve İletişim Sorunu;15 Ağustos 2024 12:04;2.682;;Yemeksepeti'nden saat 10'da sipariş ettiğim ürün, saat 12 olduğu halde elime ulaşmadı. Siparişim yolda gözüküyordu. Sipariş ettiğim yeri aradım, bize düşmedi diye açıklama yapıyorlar. O kadar bariz ki, özür dilemek yerine 'bize ulaşmadı' diyorlar. Böyle bir durum kabul edilemez.;True;calısmasaatleri
29663989;Yemeksepeti Yemek Sepetine Giremiyorum;08 Ağustos 2024 16:56;2.999;;Birkaç gündür Yemek sepetine giriş yapamıyorum kesinlikle. Sisteme girdiğimde işlem yapmaya çalıştığımda Daha sonra denememi söylüyor. Uygulamayı sildim. Başka e postayla numarayla denedim olmuyor. Bununla ilgili bir destek almak istiyorum. Yardımcı olur musunuz lütfen;True;calısmasaatleri
29306062;Yemeksepeti 3 Saat Oldu Ve Restorant Kapandı;07 Temmuz 2024 22:13;2.918;;3 saat oldu. Şaka gibisiniz, restoran kapandı sorumsuzluğunuz yüzünden, ayıp bir şey.;True;calısmasaatleri
29233166;PizzaLazza Pizza Siparişinde Yaşanan Gecikme Ve İletişim Sorunları;01 Temmuz 2024 17:32;2.633;1.0;Yemeksepeti'nden PizzaLazza adındaki restorandan pizza siparişi verdim. 1 saati geçti, hala hazırlanıyor yazıyordu. Sonra internetten PizzaLazza'nın telefon numarasını bulup aradım. Meğerse siparişim hazırmış ve Yemeksepeti kuryesinin gelip alması bekleniyormuş. Bir önceki siparişte de soğuk gelmişti, o siparişte de 1 saati bulmuştu. Siparişi iptal edemiyorum, Yemeksepeti'ne ulaşamıyorum çünkü mesai saatleri içinde değillermiş. İptal bölümüne tıklamayı kapatmışlar. Teslimat süresi geçmeden iptal edemezsiniz yazmakta. Fakat saat 22:45'te verdiğim sipariş şu an 00:00, tam tamına 1 saat 15 dakika olmuş ve iptal butonu hala aktif değil. Mağdur olduğumuza mı üzülelim, kaç saattir aç kaldığıma mı üzüleyim. Tekrardan bir sipariş vereceğim, o da 1 saati bulacak. Koskoca 2 firmanın yaptığı komikliğe mi üzüleyim. Hiç mi doğru düzgün bir müdür yok da bunlarla ilgilenmiyor. Eğer bilmiyorsanız müşteri memnuniyeti denilen bir olay var ve büyük şirketler buna çok önem verir. Zaten buna önem verdikleri için büyükler ve ilk tercihler. Neyse, kime ne anlatıyorum. Kısaca böyle arkadaşlar.;True;calısmasaatleri
29171896;Yemeksepeti Para İadesi Yapmıyor;25 Haziran 2024 08:30;2.624;;23.06.2024 tarihinde 20.00- 22.00 saatleri arasında 'Yemeksepeti' uygulaması üzerinden aynı mağazadan 2 adet sipariş verdim. Farklı gerekçeler gösterilerek 2 siparişimde iptal edildi. Ancak iade işlemim bir türlü gerçekleşmiyor, Yemeksepeti müşteri hizmetleri ne ne uygulama üzerinden ne telefon ile arayarak bir türlü ulaşamıyorum. Sorunumun ivedilikle çözülmesini rica ediyorum.;True;calısmasaatleri
29150305;Yemeksepeti'nden Kartımdan Para Çekilmiş;22 Haziran 2024 21:54;2.301;;22/06/2024 20:22:48 Tarihinde işlem iznim olmadan 792 TL lik para çekilmiş anlamıyorum cidden bu nasıl gerçekleşiyor. Yemek sepetini aradığımda da mesai saatleri dışındayız diye telefon direkt kapanıyor. Muhatap bile bulamıyoruz. Banka ile konuşuyorum hafta sonu olduğundan ancak kart kapatabiliyoruz diyor.;True;calısmasaatleri
29145401;Yemeksepeti Para İadesi Eksik Yatırıldı;22 Haziran 2024 13:06;2.154;5.0;Yemek Sepeti'nden dün itibariyle 575 liralık sipariş oluşturdum. Fakat siparişim iptal edildi. Para hesaba yatacak dendi. İade olarak 375 lira yattı. Geri kalan 170 lira iade edilmedi. Hiçbir şekilde müşteri hizmetlerine ulaşamıyorum. Mesai saatleri dışında diyor. Cevap bekliyorum.;True;calısmasaatleri
29122780;Yemek Sepeti Yardım Merkezi;20 Haziran 2024 02:45;1.983;1.0;Yemek Sepeti yardım merkezi ne bağlanamıyorum. Nedeni de çok yoğun olmalarıymış. Gece saat 02:24, böylesine büyük bir şirketin ne kadar yoğun olduğu beni ilgilendirmiyor. O zaman daha fazla ekip arkadaşı almaları lazım. Ben mağdur olmak zorunda değilim. Bu saate...;True;calısmasaatleri
29107042;Yemeksepeti Siparişimin Teslim Edilmemesi Ve Yaşadığım Mağduriyet;17 Haziran 2024 19:51;2.476;;Merhaba, 17 Haziran 2024 tarihinde, saat 17.30'da Salon Burger restoranından sipariş verdim. Siparişim üzerinden bir saat 10 dakika geçmesine rağmen hala teslim edilmedi. Tahmini gelme süresine baktığımda ise 19.45 olarak gözüküyordu. Yemeksepeti telefon numarasını aradım ama kimse açmadı. Salon Burger restoranını aradım, 30 dakika beklememe rağmen yine kimse açmadı. Online canlı desteğe ulaşmaya çalıştım fakat müşteri hizmetlerine bağlanamıyordum, sadece bot ile konuşabiliyordum ve mesai saatleri dışında olduğu belirtildi. 10 dakika daha bekledim ve tekrar tahmini gelme süresine baktığımda bu kez 20:10 - 20:15 olarak gözüküyordu. Siparişi 17.30'da verdiğimden dolayı, bir siparişin nasıl 3 buçuk saatte gelebileceğini anlamış değilim. Salon Burger şikayet hattıyla konuştuğumda, siparişin 40 dakikadır hazır olduğunu ve Yemeksepeti kuryesinin gelmesini beklediklerini söylediler. Olayın bizlerle hiçbir alakası yok sorun tamamen Yemek Sepeti kaynaklıdır. Onlar adına özür dileriz dediler. En sonunda canlı desteğe bağlanmayı tekrar denediğimde, siparişi iptal et butonunun açık olduğunu gördüm. Normalde kapalıydı çünkü sipariş hazırlanıyor olarak gözüküyordu. O an iptal ettim. Ancak, bu süreçte 2 saat boyunca boşuna beklemiş oldum. İlaç içmem gerektiği ve otelde kaldığım için evde yemek yoktu, bu nedenle direkt sipariş vermiştim. Sipariş gelmediği için evde yiyecek bir şey de yoktu ve ilacımı içemedim. Şu anda saat 19.30 ve daha yeni yemek hazırlamaya başladım, sırf ilacımı içebilmek için. Normal şartlarda 17.30'da siparişi vermiştim ve üzerinden iki saat geçti. Bu durumdan dolayı yaşadığım mağduriyeti dikkate almanızı rica ediyorum. Bu tür sorunların tekrar yaşanmaması için gerekli önlemlerin alınmasını ve mağduriyetimin giderilmesi konusunda yardımınızı bekliyorum. Buğra Ö****, BuqraOz****@gmail.com 0544*******46 Teşekkürler,;True;calısmasaatleri
29097496;Basliksiz Sikayet;16 Haziran 2024 00:35;1.947;5.0;;False;calısmasaatleri
29078341;Yemeksepeti Hesabımdan Habersiz Sipariş;14 Haziran 2024 10:54;1.798;;Yemeksepeti hesabımdan benim bilgim dahilinde olmadan kartımdan iki seferde totalde 1600 lira çekildi. Bu sırada ne uygulamaya giriş yapabildim ne de siparişi iptal edebildim. Durumu bildirmek için müşteri hizmetleriyle iletişime geçmek istedim mesai saatleri dışı olduğu için görüşme yapamadım ertesi gün tekrar denedim üyeler için müşteri hizmetleri görüşmesi olmadığı söylendi. Mağdurum. Hem para iademin yapılmasını hem de bu siparişi veren şahsın kim olduğunu öğrenmek ve bilmek istiyorum;True;calısmasaatleri
29027981;Yemeksepeti Siparişin Gelmemesi Teslim Edilmemesi;10 Haziran 2024 01:21;1.762;1.0;00:09'da verdiğim siparişin teslimat süresi uygulamada sürekli artıyor. 50 dakika oldu ve bekliyorum. Şu an teslimat saati 02:10 olarak görünüyor. Bir sipariş bu kadar gecikir mi? Müşteri hizmetlerine ulaşamıyorum. Mesai saatleri dışında olduğu için sesli yanıt verilip kapanıyor. Bir daha Yemek Sepeti'ni kullanmayacağım.;True;calısmasaatleri
29025687;Yemeksepeti Sipariş İptali / Müşteri Hizmetleri;09 Haziran 2024 19:38;1.826;;"Ben bir öğrenciyim ve final dönemindeyim. Anlayacağınız kadarıyla açım ve ne param ne de zamanım var. Bu sebeple Yemeksepeti uygulamasından belli bir tutarda yurduma yemek söyledim. Fakat kendileri bunu 2.30 saat sonra iptal ettiler ve de para iadesi konusunda 7 iş günü içerisinde olacağını söylüyorlar. Kısacası açım ve şu anda param da yok. Müşteri hizmetlerine ulaşmaya çalıştığımda ise ya bu numara kullanılmamaktadır ya da şu an servis saatleri dışındayız denilmekte. Eğer ki servis saatlerinin dışına kadar bir siparişi erteliyorsanız ve de sonunda iptal ediyorsanız ya o işlemeye bir sınırlandırma getirmelisiniz ya da müşteri hizmetleriniz 7/24 aktif olmalı. Sonuç olarak mağdurum ve bir daha da bu uygulamayı kullanmak, ismini dahi görmek istemiyorum; kimseye tavsiye edemiyorum çünkü bu beni mağdur edişleri ilk seferi de değil.";True;calısmasaatleri
28994567;Yemek Sepeti Müşteri İle Konuşmamak Üzerine Sistem Kurmuş.;06 Haziran 2024 14:30;1.547;1.0;Planlı Teslimat. İstedikleri vakit teslimat saatleri değişiyor. 1.30 saat önceden planlı teslimat olarak sipariş verdim. Kendi sistemleri siparişim gelmeyince süreleri sürekli değiştirerek vaktini kendi kendine değiştiriyor. Canlı destek hattında müşteri temsilcine ulaşmak tamamen kapalı. Tüm seçenekleri bilerek kapatıyorlar. Ayrıca Çağrı Merkezi nde ise müşterilerin konuşması yasak. Web sitesine otomatik ses kaydı ile yönlendiriyor. 2 türlüde insanları kendi ekipleri ile konuşturmamak üzere bir alt yapıları var. Kimseye ulaşamıyorum. Bilerek ve isteyerek yaptıkları şey şu. Müşteri ile iletişim i tamamen sıfırlamak ve iş yükünü azaltmak.;True;calısmasaatleri
28946626;Yemeksepeti Ve Paycell Şikayeti;02 Haziran 2024 00:07;1.147;5.0;01.06.2024 cumartesi günü Yemeksepeti nden KFC isimli yemek şirketine sipariş te bulundum saat sabah 11:40'ta sipariş ettiğim ürün saat 12:10'ya 12:15 saatleri arasında teslim edilecek gözüküyor iken bu süre 12:50 ye yükseldi ve de en sonunda KFC tarafından iptal edildi ve de 255 TL ücret iadesi Paycell e ait kartıma iade yazmasına rağmen iade işleminin 14 iş günü olarak gerçekleştiğini müşteri hizmetleri bildirdi ben hem yemeğin geç kalmasından hem de ödemenin bu kadar gecikmesinden sebep ciddi muzdarip oldum yani bir müşterinin kendi parasıyla rezil olmak diye bir şeyi bu şekilde öğrenmiş oldum.;True;calısmasaatleri
28928884;Yemek Sepeti'nde Müşteri Hizmetleri Krizi: İletişim Sorunları Ve Geciken Siparişler;30 Mayıs 2024 19:55;979.0;1.0;Ben hayatımda böyle sorumsuz ve ilgisiz bir aracı kurum daha görmedim! Restoran sahibi değilsen, Yemek Sepeti'nden asla bir muhatap bulamıyorsun. Taahhütte bulunan süre çoktan geçmiş, sipariş verdiğin restoranın iletişim bilgisi yok, Yemek Sepeti asla işinin arkasında durmuyor. Üstelik bu ilk defa olmuyor... Dakikalarca bekleyip belki bir umut restoran sahiplerine hizmet verdikleri numaradan birine ulaşıyorsunuz, 'Görüşmeyi sonlandırmam gerekiyor' deyip yüzünüze telefonu kapatıyor. Yemek Sepeti şikayet hattını arıyorsunuz, 'Mesai saatleri dışında' diyor, canlı destek ten de asla sağlıklı bir iletişim sağlanamıyor. Sipariş detayı da vereyim: 18.08'de (30-45 dakika taahhüdü ile) sipariş verdik. 1 saatten fazla süre geçmiş, açlıktan fenalık geçiriyoruz, yetkili birini bulmaya çalışıyoruz. Ama bilin bakalım ne yok? Yemek Sepeti'nde muhatap yok! Böyle yapacaksanız, yapmayın kardeşim bence bu işi. Ben şahsen bir daha sipariş vermeyi bırak, Yemek Sepeti uygulamanızı dahi sileceğim. Çevremdeki insanları da bu konuda örgütleyeceğim, bunun da çok umurunuzda olduğunu zannetmiyorum.;True;calısmasaatleri
28902764;Yemeksepeti Eksik Ürün Fazla Para Alindi;28 Mayıs 2024 11:04;1.368;;24 Mayıs Cuma günü Yemeksepeti üzerinden yemek siparişi vermiştim fakat ürünüm eksik geldi. Yemeksepeti ile iletişime geçtim, onlar da yardımcı olacaklarını ilettiler. Mesai saatleri dışında olduğumu ve mesai başlamadan önce gelmesi gerektiğini belirtmeme rağmen gönderimi sağlayamadılar.;True;calısmasaatleri
28798135;Yemeksepeti Müşteri Hizmet Sorunu;16 Mayıs 2024 19:50;3.228;3.0;Benim kart bilgilerim başkası tarafından kullanılarak sipariş verilmeye çalışılıyor. Ulaşacağımız derdimizi anlatacağımız ve böyle güvenlik sıkıntılarında yardımcı olacak kimsenin olmaması saçmalığını geçtim canlı yardım denilen bir şey yok fakat varmış gibi gösteriliyor iletişim numarası nedense sürekli ve gündüz mesai saatleri dışındayız deyip kapanıyor. Gerçekten bu uygulamayı kendim kullanmadığım gibi çevremdekilerin ve başkalarının kullanmasını da mağduriyetimi anlatarak engelleyeceğim. Reklam vermekle olmuyor karşımızda muhatap yok ve diğer yemek sitelerinde hiç böyle bir sorun yaşamadım.;True;calısmasaatleri
28761099;Yemeksepeti Saçmalığı Yüzünden Yemeğim Gelmedi Param İade Edilmiyor;13 Mayıs 2024 15:16;355.0;5.0;Yemeksepeti üzerinden Köfteci Yusuf'tan üç adet burger menü siparişi verdim. Adresi doğru yazmama rağmen siparişim gelmedi ve 'teslim edildi' yazıyordu. Sipariş numarası #y30u-3hjh. Yemeksepeti ile iletişime geçmeye çalıştığımda mesai saatleri dışında olduklarını söylediler. Bugün yazdığımda ise sipariş üzerinden çok zaman geçtiği için iade sağlayamayacaklarını belirttiler. Bu nasıl bir durumdur, siparişim gelmedi ve üstüne param da iade edilmedi.;True;calısmasaatleri
28748510;Yemeksepeti Kapalı Olan Restorant Hazırlanıyor Diyor.;12 Mayıs 2024 04:30;1.131;;"Domino's Pizza'dan saat 01:56-01:57 arasında sipariş verdim. Kapanış saatleri de 02:00 ve sipariş 'hazırlanıyor' kısmına düştü. 'Adamlara helal olsun, kapanış saatlerinde benim siparişimi hazırlıyorlar' dedim. 30 dakika oldu, 1 saat oldu, 1 saat 30 dakika oldu. Baktım gelen giden yok, dedim müşteri hizmetleri yle bağlantı kurayım, onlar yardımcı olur. Onlar restoranı arıyor, kapalı; bir daha arıyor, yine kapalı. 'Yahu' diyorum, 'beni bu kadar bekletmenize ne gerek vardı, siparişi iptal edin, para cüzdanıma geçsin.' 'Yok efendim, biz restoranla iletişim kurmadan siparişi iptal edemiyoruz.' dediler. 'Peki ben ne yapacağım? Restoran sahibinin dükkana gelip benim için siparişi iptal etmesini mi isteyeceğim?' O kadar rica etmeme rağmen yapmadılar ve bunların ekran görüntüsünü aldım. Yaklaşık 5 dakika sonra para iadesi yaptınız. Bu konunun uzamasına ne gerek vardı? Teşekkürler.";True;calısmasaatleri
28682049;Yemeksepeti'nde Sürekli Geciken Siparişler;05 Mayıs 2024 23:39;352.0;;05.05.2024 tarihinde uygulama üzerinden saat 21.55'te sipariş verdim. Teslimat saati olarak 22.30 göstermesine rağmen, her kontrol ettiğimde teslimat saatini 15 dakika ileri attığını gördüm. Aldığım restorana ulaştığımda herhangi bir kuryenin gelmediğini öğrendim. Teslimat saatleri kesinlikle tutmuyor, en erken bir buçuk iki saate geliyor. Bu sorunu bu uygulamada sürekli yaşadım. Bir daha da kesinlikle kullanmayacağım uygulama.;True;calısmasaatleri
28677416;Yemeksepeti'nin Tüketiciyi Korumaması. Sisteminin Çökmüş Olması.;05 Mayıs 2024 12:51;1.014;1.0;"Yemeksepeti.com Android uygulamasından 05 mayıs 2024 tarihinde 08:00 saatleri civarında, siparişte bulundum. Gelen ürününü bayat olmasına istinaden, müşteri temsilcileri ile yaptığım görüşmede Tedarikçiye ulaşılamıyor gerekçesi ile iade sağlayamadım. Ben tedarikçinin Google telefonlarından kolayca ulaştım. Tedarikçi ben iade yapamam Yemeksepeti ile halledeceksiniz diye belirtti. Bu durumda Yemeksepeti yapılacak tek şey vardı Üyeliği Sonlandırmak, onu yaptım. Hakkında bu kadar olumsuz Tüketici bilgilerini paylaşmak iddiasına istinaden, verdiği hizmet sadece satış komisyonunu alana kadar. Tüketiciyi korumak hususunda bir şey yapmak istemiyorsa; Ard niyetlidir. Ben ürünü şahsi olarak iade ettim, param boşuna gitti. Helal olmasın...";True;calısmasaatleri
28672522;Yemek Sepeti Parayı 2 Defa Çekti Ve Siparişim Gelmedi;04 Mayıs 2024 19:00;274.0;4.0;Yemek Sepeti'nden sipariş verdim ve aynı siparişin parasını 2 defa aldı. Siparişlerim kısmında gözükmüyordu. 2 saat beklememe rağmen siparişim de gelmedi. Restoranı aradığımda yemek sepetiyle görüşmeniz gerekiyor dediler. Numaranızı aradım fakat mesai saatleri dışındayız diyorlar;True;calısmasaatleri
28671657;Yemeksepeti Siparişim Restorana İletilmemiş;04 Mayıs 2024 17:36;143.0;;Yemeksepeti'nden 04.05.2024 tarihinde 16.15 saatleri civarında Burger King'ten sipariş verdim, param kartımdan çekildi ancak siparişim Yemeksepeti sayfasında gözükmüyor. Siparişlerim bölümünde gözükmüyor ve Burger King'i aradığımda bana böyle bir siparişin taraflarına iletilmediği söylendi. 315 TL'mi geri istiyorum;True;calısmasaatleri
28671405;Yemeksepeti Hesabımdan Para Gitti Ama Yemeğim Gelmedi;04 Mayıs 2024 17:13;151.0;;"Yemek Sepeti'nden yemek siparişi verdim ve banka üzerinden ödememi gerçekleştirdim; ancak siparişim görünmüyor ve henüz ulaşmadı. Üstelik hesabımdan para çekilmiş durumda. Yemek Sepeti'ni aradığımda ise mesai saatleri dışında olduklarını öğrendim. Param kalmadı ve açım. Bu son paramdı ve ne yapacağımı bilmiyorum. Böyle büyük bir firmanın bu tür sorunlar yaşatmaması gerekir.";True;calısmasaatleri
28670914;Yemeksepeti Hesabımdan Para Çekildi Siparişim Gelmedi;04 Mayıs 2024 16:37;279.0;;Yemek Sepeti üzerinden sipariş verdim siparişim onaylandı. Hesabımdan param çekildi. Yemek Sepeti uygulaması üzerinden siparişi göremiyorum. Yemek Sepeti bütün numaraları aradım ancak mesai saatleri dışında deyip telefon geri kapandı. Uygulama üzerinden yardım alamadım sipariş ettiğim restoranı aradım bir çok telefona cevap verilmedi. Mağdur olmamak adına sipariş verdiğiniz uygulamalara dikkat ediniz mağdur olmayınız;True;calısmasaatleri
28670576;Yemek Sepeti Kartımdan Kesinti Yaptı Sipariş Sayfada Gözükmüyor;04 Mayıs 2024 16:08;649.0;;"İki sipariş verdim. Birini iptal ettim ancak para iadesi yapılmadı. İkinci siparişi verdim; karttan kesinti yapıldı fakat siparişlerim kısmında ne sipariş görünüyor ne de siparişin iptal edildiğine dair bir bilgi yer alıyor. İptal edilen siparişlerimde ise siparişlerin iptal saatleri sırasıyla 11:57 ve 11:51 olarak görünüyor; ancak ben ikinci siparişimi 15:09'da verdim. Her iki sipariş için de ücret iadesi talep ediyorum. Eğer sipariş sırasında bir sorun yaşandıysa, o zaman neden hesabımdan kesinti yapıldı? Eğer kesinti yapıldıysa, neden siparişlerim kısmında görünmüyor?";True;calısmasaatleri
28641909;Yemeksepeti 2 Saat Siparişimi Göndermedi, Konuşacak Kişi De Bulamadım;01 Mayıs 2024 21:09;1.891;1.0;Yemeksepeti'nden saat 19:09da sipariş verdim. Normal süre 30-40 dakika civarı idi, yani tahmini 19:40-19:50 gibi ulaşacaktı. Bundan sonra tahmini teslimat süresi düzenli olarak sürekli arttı ve en sonunda 1,5 saat aç bekledikten sonra 21:00'e kadar dayandı. Bu sırada tek aldığım bilgi sadece siparişiniz hazırlanıyor ibaresi. İptal edemiyorsunuz, o seçenek kapalı. Müşteri temsilcisine bağlanamıyorsunuz, öyle bir seçenek yok. İnternetten bulduğum numara mesai saatleri dışı diyor, yani bir çağrı merkezi yok. Yani karşınızda muhatap yok, saksı gibi bekliyorsunuz. 1,5 saatten fazla aç bekledikten sonra iptal opsiyonu açıldı, o zaman biriyle görüşebildim. Siparişimi öğrenebilmek için beni bir 10 dakika daha beklettikten sonra 21:02de yani neredeyse 2 saat sonra alacağımı söyledi siparişimi. İstersem de iptal edeceklermiş. Aman ne güzel hizmet! E peki 2 saatlik açlık vce sinir harbi ne olacak? Yoğunluk var, isterseniz iptal edelim. Böyle laubalilik, böyle amatörlük, böyle ciddiyetsizlik, böyle müşteriyi kaale almamak görülmemiştir. Nihayetinde 2 saat aç kalıp, sinir harbi yaşayıp, akşamımı mahvedip, ondan sonra iyilik yapıyormuş gibi siparişimi iptal ettiler. Yemeksepeti'ni kimse kullanmamalı, böyle ciddiyetsizlik olamaz.;True;calısmasaatleri
28502672;Yemeksepeti Siparişim Adres Karmaşası Yüzünden İptal Edildi;17 Nisan 2024 22:55;1.543;;Adres bilgilerimizi girmemize ve sistemlerinde görünmesine rağmen ve siparişi geçmemize ve alınmasına rağmen. Kurye bizi aradığında farklı bir yerde olduğunu konumun yanlış verildiğini söyledi. Bizim açık adresimiz olmasına rağmen. Sonra müşteri hizmetleri ile görüşeceğini iletti ve sipariş iptal oldu. Bilgisi geldi. Yemek sepetine ulaşmak istediğimizde telefon ile kimseye ulaşılması ( bir telefonda mesai saatleri dışında diye bilgi geldi). Asıl siparişinizi mesai saatleri dışında alıyorsanız müşteriye de o saatlerde servis vereceksiniz. Ya da getirmeyeceğiniz siparişi alamayacaksınız. Ya da bir çare bulacaksınız. Size ancak böyle ulaşabildiğim için buradan yazıyorum. Onu da dikkate alır mısınız emin değilim.;True;calısmasaatleri
28489757;Yemek Sepeti Müşteri İşlemleri Ve İade;16 Nisan 2024 20:03;1.39;4.0;"Verdiğim siparişteki ürünler yanlış geldi ve müşteri hizmetleri ne yazmama rağmen olumsuz bir yanıt aldım; yani dükkanı kapattılar. Çalışma saatleri dışında olmadıklarını belirtmelerine rağmen 'İadenizi yarın yaparız.' dediler. Ürünleri muhafaza etmem gerektiğini söylediklerinde, ürünleri tüketmediğim için çöpe atmıştım ve şimdi iademi yapmıyorlar. Güvenerek sipariş veriyoruz fakat herkes birbirinden habersiz gibi davranıyor. Neden iademin yapılmadığını anlamıyorum. Biz de ürünler için toprakla değil, para ile ödeme yapıyoruz. Tüketmediğim bir ürün için neden para ödeyeyim?";True;calısmasaatleri
28468617;Yemek Sepeti Kurye Göndermediği İçin Siparişim Gelmedi;14 Nisan 2024 23:37;451.0;1.0;Yemek Sepeti, kurye göndermediği için siparişim gelmedi. Saat 22:12'de Keçiören İzzet Usta'dan verdiğim Adana dürüm siparişim (45 dakika içinde teslim yazıyordu) tahmini teslimatı 23:25 ile 23:35 saatleri arasında görünüyor ve sürekli olarak 5-10 dakika artıyor. Dükkanı aradığımda, Yemek Sepeti'nin kurye göndermediği için siparişi göndermediklerini söylüyorlar. Ücretimin iadesini talep ediyorum.;True;calısmasaatleri
28406762;Yemeksepeti Değil Başka Bir Şey Bu;06 Nisan 2024 13:04;457.0;1.0;Maalesef 05.04.2024 tarihinde Burger King firmasından iki adet Whopper Jr. (500 TL) sipariş ettim. Siparişim saat 21:47'de teslim edildi. Ancak siparişime eklediğim King boy patates, sekiz adet soğan halkası, iki adet ketçap ve iki adet mayonez eksikti. Bu durumu müşteri hizmetlerine bildirdim ve eksik ürünlerin teslim edilmesini talep ettim. Müşteri hizmetleri, mesai saatleri dışında oldukları için yardımcı olamayacaklarını ve iznim olmadan hesabıma 100 TL hediye kuponu tanımladıklarını belirtti. Ben ise kupon yerine ürünlerimin iadesini istedim. Ertesi gün tekrar iletişim e geçtiğimde, müşteri hizmetleri hediye kuponu tanımlandığı için başka bir çözüm sunamayacaklarını söylediler. Bu durum karşısında mağdur olduğumu ve bu tür bir çözüm yöntemini kabul etmediğimi belirtmek isterim. Lütfen, benzer durumlarla karşılaşmamak için alışveriş yapacağınız platformları dikkatli seçin.;True;calısmasaatleri
28402508;Yemeksepeti Ve Kurye Problemi;05 Nisan 2024 22:42;380.0;;Merhabalar, 19.40 saatlerinde Yemeksepeti üzerinden sipariş verdiğim Tavuk Dünyası siparişim 22.23 saatinde hala bana ulaşmadı. Maalesef ki müşteri iletisim numaranız mesai saatleri dışında olduğu için iletişime geçemiyorum ve sağ olsunlar tavuk dünyasının kendi şubesi benimle iletişime geçti. Kendilerinin siparişi verdiğimde ilk 15 dakikada hazırladıklarını fakat Yemeksepeti'nden herhangi bir kuryenin siparişimi teslim almadığını söylediler. Bu problemle alakalı yapabileceğiniz bir şey var midir? Sipariş numarası ve saatini eke ekliyorum.;True;calısmasaatleri
28380085;Yemeksepeti Üst Üste Yalan Söylendi Burgerim Asla Gelmedi!;03 Nisan 2024 21:05;1.796;;3 Nisan gecesi saat 02:00'de Yemeksepeti uygulaması üzerinden verdiğim yemek siparişinde bir adet Big Tasty burger eksik geldi. Müşteri hizmetleri yle yaptığım görüşmede, McDonald's ile iletişime geçildiğini ve burgerin aynı akşam bana iletileceği belirtildi ancak gelmedi. Ertesi sabah müşteri hizmetleriyle tekrar görüştüğümde, bu kez McDonald's ile çalışma saatleri içinde iletişime geçmem gerektiği söylendi. Gün içinde müsait olmadığım için bu durumla ilgilenemedim, ancak akşam üzeri bir kez daha iletişim kurduğumda, karşımdaki müşteri hizmetleri görevlisi bana danışmadan burgerin tekrar gönderilmesini talep etmiş. Oysaki ben iade talebinde bulunacaktım. Üstelik, gelmesi beklenen burger yine gelmedi. İkinci ve üçüncü görüşmelerime ait ekran görüntüleri ile ilgisiz McDonald's şubesinin konumunu aşağıda paylaşıyorum.;True;calısmasaatleri
28349784;Yemeksepeti Market Yemek Sepeti İzinsiz Para Çekme;01 Nisan 2024 08:39;1.243;;Merhabalar, 30.03.2024 tarihinde bilgim dışında Yemek Sepeti üzerinden üç kez işlem yapıldı. Bunlardan ikisi yemek, biri ise Banabi uygulaması üzerinden yapılmıştır ve bana ait olmadıklarını belirtmek isterim. Üç gündür Yemek Sepeti'ne ulaşamıyorum. Ayrıca üyeliğim de hacklendiği için giriş yapamıyorum. Lütfen bana destek verilmesini rica ediyorum.;True;calısmasaatleri
28280346;Yemek Sepeti Kuryenin İzinsiz Bizim Mallarımızı Çalması;25 Mart 2024 11:20;703.0;1.0;Merhabalar, Yemek Sepeti kuryesi bizim eşyalarımı çaldı... Yemek sepetinin ulaşacağımız telefonu yok Derdimizi anlatacağımız telefonu yok bu nasıl bir firma email atın diyorlar ne kadar saçma bir şey bunlardan şikayetçiyim kendilerine mesaj attım aşağıdaki yazıyı attım hala cevap vermediler... 24.03 akşamı saat 17:30 ila 17:45 saatleri arasında Nispetiye Caddesi cami aralığı çıkmazı ve mezarlık sokağa sipariş getiren kurye bizim eşyalarımızı çaldı Lütfen dün akşam o saate oraya hangi kuryeniz sipariş getirdi ise alan kuryelerinize söyleyin eşyalarımızı getirsin… Bende görüntüleri var Kamera kayıtlarını çıkardım Yoksa Polise vereceğim.;True;calısmasaatleri
28275877;Yemeksepeti İftar Vakti Geciken Sipariş Hayal Kırıklığı;24 Mart 2024 19:54;594.0;;İftardan 1,5 saat önce verdiğim siparişim, iftar saatini geçmesine rağmen hala gelmedi. Restoranı aradığımda ürünlerin hazır olduğunu, ancak Yemeksepeti kuryelerinin gelip almadığını, ürünlerimin hala restoranda beklediğini söylediler. Ayrıca, Yemeksepeti müşteri hizmetleri çağrıları otomatik olarak sonlandırıp, mesai saatleri dışında olduğunu belirten bir ses kaydını bırakmış. Kim yardımcı olacak? Kim bu sorumsuzluğu telafi edecek?;True;calısmasaatleri
28269261;Yemeksepeti Sipariş İptali Ve İşletme Çalışma Saatleri Hakkında Şikayet;23 Mart 2024 21:44;2.322;;Yemek Sepeti üzerinden verdiğim Gürsu Bursa rolls rolls sushi sipariş 20 dakika sonra aranarak kapalıyız deyip siparişi iptal etmesi ne kadar etik. Gerçekten kapalı ise neden yemek sepetinde sipariş kısmında yer alıyor. Yemek Sepeti olarak bir cevabınız olmalı;True;calısmasaatleri
28222215;Yemeksepeti Hatası;21 Mart 2024 13:58;699.0;5.0;19 Mart salı günü saat 13:03 de, 'Pidem' isimli restauranttan sipariş verdim. Ve siparişimde kıl çıktı. Tam müşteri hizmetlerinin numarasını bulmaya çalışırken beni aradılar siparişle alakalı, problem var mı diye sordular. Durumu anlattım ve ilgileniyoruz dediler sonrasında Yemeksepeti'nden sipariş verdiğiniz için yapamıyoruz vs. Dediler, Yemek Sepeti'nden destek oluşturun sonrasında o talep restorana ulaşacaktır bizde yeni siparişi göndereceğiz dediler. Buraya kadar her şey güzel asıl sorun su: Ankamall şubesinden geldi bu sipariş, internetten bakıyorum numarasına geçersiz numara diyor, Yemek Sepeti'nden canlı desteğe bağlanmaya çalışıyorum bağlanamıyorum yani kısaca hiçbir şekilde ulaşamıyorum. Burada pidemden şikayetim yok, şikayetim Yemek Sepeti'nden!;True;calısmasaatleri
28203302;Yemeksepeti Ücret İade Etmiyor;17 Mart 2024 17:16;921.0;5.0;Yemeksepeti üzerinden Köfteci E**** adlı restorandan yemek siparişi verdim. Ancak restoranın çalışma saati içinde olmadığı belirtilerek siparişim iptal edildi. Ücret iadesi de yapılmadı. Eğer bir süre daha iade gerçekleşmezse şikayetçi olacağım. Sipariş numaram #cnjj-3ob3.;True;calısmasaatleri
28176218;Yemeksepeti Kuryesi Ürünü Kontrol Ettirmeyip Küfürler Etti;14 Mart 2024 18:40;622.0;1.0;14.03.2024 tarihinde KFC'den sipariş ettiğim #myyr-n3yl numaralı siparişi Yemeksepeti kuryesi, kapıda ürünün doğru gelip gelmediğini kontrol etmek istememe rağmen bağırarak karşı çıktı. Ürün eksik mi geldi, yanlış mı geldi, kontrol etme hakkımız yok mu? Üzerine 'siparişi iptal et o zaman' diye yine bağırdı. Ben de çıkışınca apartmandan çıkarken argo bir küfür savurdu. Yemeksepeti'ne telefonla ulaşamadım. Mesai saatleri dışında sesli hizmet vermiyorlar. Çevrim içi şikayet ettim. Özür dileme ve sorumluluğu başkasına atmak dışında bir şey yapmadılar. Firma tam bir hayal kırıklığı. Yazık!;True;calısmasaatleri
28086714;Yemeksepeti Anlatılan İle Yapılan Gerçeği Yansıtmıyor;06 Mart 2024 04:22;10.312;1.0;Yemeksepeti expres kurye olarak Eskişehir ilinde çalışmaktayım. Yemeksepeti olarak söyledikleri şartlar, anlattıkları çalışma saatleri, verdiği vaatleri yerini bulmuyor. Reklamlarda, bize gönderdikleri mesaj veya e-mail'lerde değerli iş ortağı olarak hitap edilip adlandırılıyoruz. Fakat iş icraat geldiğinde, söz gelimi iş ortağı bizler Çalışma saatimizi yani slot seçiminizi bile yapamıyoruz. Daha doğrusu Çalışma saatlerimizi kapattıkları için çalışma saati seçtirmiyorlar. Ama söz gelimi ortak olarak adlandırılıyoruz. Taşeron firmalar çalışma saati garantili şekilde çalışıyor fakat Yemeksepeti kuryesine hiç hir çalışma saati olanağı verilmiyor.;True;calısmasaatleri
27927844;Yemeksepeti Siparişimin Yanlış Gelmesi;18 Şubat 2024 22:39;840.0;;Az önce aldığım siparişimde 10 adet ürün olması gerekirken sadece 2 adet ürün vardı. Kurye gitmeden hemen söyledim. Kendisinin yapabileceği bir şey olmadığını belirterek uygulama üzerinden yardım merkezi ne iletin dedi. Formu doldurdum fakat geri dönüş yapılmadı. Müşteri hizmetleri ise uygulamadaki forma yönlendirdi ve mesai saatleri dışında olduklarından dolayı yüzüme kapatıldı telefon. Kuryeye söyledim, müşteri hizmetlerini aradım, mail de attım lakin mağduriyetim giderilmedi. Düzeltilmesini istiyorum.;True;calısmasaatleri
27850303;Yemeksepeti İzinsiz Kredi Kartı Kullanımı Hk;11 Şubat 2024 10:17;364.0;;Merhaba, 11.02.2024 tarihinde gece 04:00 ve 05:00 saatleri arasında farklı ilde açıklan konum ile 750TL, 773,50 TL ve 525 TL olmak üzere toplamda 3 adet çekim yapılmıştır. Gece Yemeksepeti kuryesi araması olmasa belki daha ne kadar çekilecekti bilgim yok, Yemeksepeti platformuna güvenip kayıt yaptığım kartları şu an iptal ettirdim. Bilgim dışında şifresiz yapılan bir işlemdir ve bankaya suçu atmışlardır. Paramın iadesini talep ediyorum.;True;calısmasaatleri
27786158;Yemeksepeti Pizza Hut Yemek İptal Edildi Ve Para İadesi Yatmadı;04 Şubat 2024 20:15;556.0;;Yemek Sepeti'nde Pizza Hut'tan verdiğim sipariş mesai saatleri içerisinde gelecek diye beklerken 40 dakika sonra iptal edildi. Misafirlerime mahcup oldum. Son alışverişim oldu. Anlamadığım, mesai saati içerisinde verdiğim halde neden iptal edilir ve hâlâ para iadesi yapılmadı.;True;calısmasaatleri
27675515;Yemeksepeti Çözüm Bulunsun Neden Kapalı Gözüküyor;24 Ocak 2024 13:52;1.635;3.0;Yemeksepeti restoranı olarak çalışmaktayım. 21.01.2024 tarihinden bugüne kadar sürekli aynı saatlerde 22:00 de kapanıyor ertesi gün öğle 12:00 ye kadar restoranımız geçici olarak kapalı gözükmektedir. Bu yüzden biz pilav işletmesi olduğumuz için tam iş yapacakken kapalı durumuna düşmek bizi çok zarara uğratmaktadır. İletişim e geçtik kaç defa ama çözüm olmadı;True;calısmasaatleri
27673582;Yemeksepeti Çift Çekim Ve Destek Sorunu Yaşadım!;24 Ocak 2024 11:12;3.454;;Yemeksepeti uygulamasından kredi kartım ile, Liva pastanesinden sipariş verdim. İşlem aynı anda tekrarlı gerçekleştiğine dair bankamdan mesaj geldi. Yemeksepeti'ni telefon ile aradım, mesai saatleri dışında olduğundan müşteri temsilcisine ulaşamadım. Mesai saatlerinde aradığımda ise müşteri hizmetlerine ulaşılacak numara bireysel müşteri ile ilgili işlem yapmıyor otomatik ses yanıtı cevabı aldım. Uygulama üzerinden Canlı yardım a ulaştığımda Ödeme ekranından sorununuzu iletin dendi fakat konuşma sonlanınca, Siparişi iptal etmek istiyorum. Büronu 'kullanım dışı' mesajı verdiğinden, bir daha konuşma ekranına girmem 1 saat sürdü Bu sırada Liva beni aradı sipariş verdiğim ürünlerin hiç birinin ellerinde olmadığını farklı ürünler gönderebileceklerini söyledi. Bende siparişimi hatalı bir işlem olduğunu Yemeksepeti'ne ulaşmaya çalıştığımı, siparişi iptal etmek istediğimi söylediğimde, Liva! Biz buradan sipariş iptal edersek puanımız düşüyor Yemek Sepeti'nden iptal edin dediler. Siparişi Liva iptal etmediği için 1 saatin sonunda tekrar Yemek sepetine ulaşabildim. Bütün bunlar yaşanırken Bankam ile iletişime geçtim, Bankada Yemek Sepeti'nin hatası olduğu, yemek sepetinin çekim işlemini muhasebeden iptal etmesi gerektiğini söyleyip 2 çekiminde Referans numaraları ve Onay kodlarını bana verdi. Yemeksepeti'ne detaylı şekilde mail attım. Sadece 1 görünen siparişimi iptal ettiler, ve ücret iade işleminin başlayacağını mesaj atmışlar. Halen bir eylem gerçekleşmedi. Bankada bekleyen işlemlerde 2 aynı ücret aynı saatte çekim yapılmış görünüyor. Halen bir yetkiliden benim saatlerce verdiğim çabanın zerresini göremedim. 2. İşlem için hiçbir işlem halen yapılmadı. R. Z, l, t Müşteri destek sistemi var Yemek Sepeti'nin. Kendi Sistemsel hatalarını bile müşteri peşinde koşuyor. Düzeltmek için fakat her çabaya rağmen hiçbir ilerleme yok. Yılların Yemeksepeti bu kadar kötü bir idare sistemine nasıl geçmiş yazıklar olsun.;True;calısmasaatleri
27671118;Yemeksepeti Bankamdan Para Çekti Ulaşamıyorum;23 Ocak 2024 23:49;5.258;;Yemeksepeti hesabım olmadığı halde 239 TL çekim yapıldı. Müşteri hizmetleri olmadığı için ve hesabım bulunmadığından canlı yardım ı nasıl kullanabilirim ki? Güvenip hesap açıp yazmak istemiyorum. Telefon numarası da 'mesai saatleri dışındayız' diyor. Kartımı kapattım. Geri dönüş bekliyorum. Her yere yazacağım.;True;calısmasaatleri
27557369;Yemeksepeti Ve Burger King Yanlış Ürün Gönderimi;13 Ocak 2024 01:20;705.0;;12 Ocak saat 23:31'de Yemeksepeti üzerinden verdiğim Burger King Ümraniye Çarşı şubesinden sipariş ettiğim Coca-Cola fırsatı (klasik ikili) menüsündeki Whopper yerine Whopper Jr gönderilmiş. Gelen diğer ürünler de buz gibi ve sertti. Müşteri hizmetlerine restoranın kapandığını belirttim, bana ürünü mesai saatleri içinde muhafaza etmem ve o zaman diliminde tekrar yazmam söylendi. Benim Yemeksepeti üzerinden sipariş verme amacım, zaten gece geç saatte evde bir şey kalmamış olmasıydı. Benden, çöpe gidecek ürünü yemeyip saatlerce bekletmem isteniyor. Mağduriyetimin giderilmesini talep ediyorum. 'Politikamız bu' diyerek içinden sıyrılabileceğiniz bir durum değil.;True;calısmasaatleri
27543471;Yemeksepeti Kuryelerine Yapılan Haksızlık;11 Ocak 2024 20:09;15.676;1.0;Yemeksepeti firmasında esnaf kurye olarak çalışıyorum. Haftalık çalışacağımız saatleri pazar günü seçiyoruz ve tüm hafta ona göre çalışıyoruz. 07.01.2024 tarihinde haftalık slotlarımı seçtim ve pazartesi salı çalıştım. 10.01.2024 Çarşamba günü geri kalan günleri çarşambadan pazara kadar olan tüm slotlarımı (çalışma saatlerimi) gerekçe göstermeden sildiler ve aynı gün yani 10.01.2024 akşam saatlerine doğru sistem beni komple sildi giriş yapamadım ki hâlâ yapamıyorum. Sahada çalışan kurye arkadaşlar mevcut. Ekipmanın (çantam, punch ve yeleğim) tam şekilde çalışmama rağmen bu yapılan işlemin kasıtlı ve art niyetli yapıldığını düşünüyorum. Aylık gelir giderimizi seçtiğimiz ve çalıştığımız günlere göre ayarlıyoruz. Zararımın karşılanmasını ve yapılan yanlışın bir an önce düzeltilmesini istiyorum.;True;calısmasaatleri
27439642;Yemeksepeti Sipariş Etmediğim Yerden Sipariş Getirdi;08 Ocak 2024 18:49;940.0;;"Özdilek Park AVM Antalya'daki Dürümle'den bugün sipariş verdim. Kapıda nakit ödeme yapacağımı belirterek Yemek Sepeti üzerinden sipariş verdim. Ancak sipariş bana ulaştığında, üstelik onaylamadığım halde kartımla ödeme yapılmış olarak geldi ve kurye geldiğinde Yemek Sepeti'indeki 'Siparişlerim' bölümünde siparişim görünmüyordu. Hiçbir şekilde çözüm sunulmadı. Yemek Sepeti'nden verdiğim sipariş de geldi. İkisinin fişinde de 'kapıda nakit ödeme' yazıyor ve her ikisinde de 'Yemek Sepeti' ibaresi bulunuyor. Üstelik sipariş oluşturma saatleri bile aynı. Beni mağdur ettiler. Onaylamadığım halde kartımdan para çekilmiş; hem nakit ödeme yapmışım hem de kartımdan ödeme alınmış. Böyle bir saçmalık görmedim. Çözüm odaklı olmadıkları gibi, onaylamadığım bir siparişin nasıl geldiğine hayret ediyorum.";True;calısmasaatleri
27486082;Yemeksepeti Teslim Alınmayan Para İadesi Yapılmamış Ürün Teslimatı;06 Ocak 2024 19:21;320.0;1.0;Yemeksepeti'nden 6 Ocak 18:11 saatleri arasında vermiş olduğum #m4fr-u8vm sipariş numaralı siparişim, adresteki hatadan dolayı teslim edilmedi. Kuryeyle konuştuğumda, üslubunun çok kötü olduğunu fark ettim ve bu durumdan da şikayetçi olmak istiyorum. Teslim almadığım siparişin iptal edilmesini talep etmeme rağmen, kuryenin siparişi sisteme 'teslim alındı' olarak yazıp yalan beyanda bulunduğunu belirtmek istiyorum. Bu konuda gereken işlemlerin yapılmasını ve ödemiş olduğum tutarın iade edilmesini talep ediyorum.;True;calısmasaatleri
27459811;Yemeksepeti Ve Papa JOHN'S İlgisizliği;04 Ocak 2024 14:30;231.0;;"31.12.2023 tarihinde saat 22.41'de sipariş numarası (#n6wv-zub2) ile Yemek Sepeti üzerinden vermiş olduğum Papa John's markasına ait pizza ve kola siparişim eksik gönderildi. Gün içerisinde Yemek Sepeti'ni aradım, fakat mesai saatleri dışında olduğu için ulaşamadım. Ayrıca Papa John's'ı da aradım; onlar da 'hafta içi arayın, hallederiz' dediler. Ancak, hiçbir şekilde iki firmadan da geri dönüş yapılmadı. Sizin önemsiz olarak gördüğünüz şeyler, bizler için önemli. Asgari ücretle çalışıp emek veriyoruz. Lütfen insanların hakkını kulak arkası etmeyin ve 'bir kola eksik, bir pizza eksik ne olacak' gözüyle bakmayın. Saygılarımla.";True;calısmasaatleri
27413695;Yemeksepeti İşletmemle İlgilenmiyor Beni Oyalıyor!;30 Aralık 2023 17:08;1.968;;"Yaklaşık bir hafta önce onaylanan Yemeksepeti işletme hesabıma (gj7w) giriş yapamamaktayım. Defalarca aramama rağmen hiçbir şekilde kimse ilgilenmiyor ve talep oluşturuyoruz demekten başka bir şey demiyorlar. Çalışma saatleri uygun, partner açık, GO açık herhangi bir problem yok ama müşteri panelinden baktığım zaman sayfam görünmüyor. Sayfa ismimi Google'ye yazdığımda Yemeksepeti olarak görünüyor; üzerine tıkladığımda da sipariş verilmiyor. Benimle iletişim e geçilmesi için temsilci atandı o da telefonları açmıyor. Bu şekilde devam eden problemim eğer çözülemezse Yemeksepeti ile yasal yollara başvuracağım. Bu ilgisizlik görmezden gelinemez.";True;calısmasaatleri
27413348;Yemeksepeti Koko Musti Çorba Restoran Suadiye'den Şikayetçiyim;30 Aralık 2023 16:31;1.36;;"Yemeksepeti isimli platformla kurum olarak neredeyse 20 yıldır çalışıyoruz. 10 gün önce onların kuryeleriyle siparişleri göndermek istedim ve o düzene geçtik. Bana söylenen, sabah 04:30'a kadar gönderim yapıldığı ama gece 2'den sonra çalışmadıklarıydı. Onu da geçtim, tamamen kuryelerin keyfiyetine bırakılmış bir durum var. Canları isterse, adresleri beğenirlerse gelen siparişleri onaylıyorlar. Bunun üzerine 2 gün sonra kendi kuryelerime dönmek istedim. Her gün 2 kez aradım, mail gönderdim; hiçbir şekilde işlem yapılmıyor. Karşınızda bir muhatap yok. Arıyorsunuz, 'kaydınızı aldık, en kısa sürede dönüş yapacağız' diyorlar ama ne arayan var ne mail gönderen. Yemeksepeti bunu her zaman yapıyor. Bir şeye başvurunca sürekli arıyorlar. Memnun kalmazsanız ya da vazgeçerseniz hiçbir şekilde karşınızda kimse yok. Ben İstanbul Suadiye'deki Koko Musti adlı restorandan yazıyorum. Umarım sesimi duyarlar. 10 günlük ciro kaybıma mı üzüleyim yoksa kimsenin cevap vermediğine mi üzüleyim bilemedim. Sistemden tamamen çıkmayı düşünüyorum.";True;calısmasaatleri
27404122;Yemeksepeti İşletme Hizmetleri Sorunu!;29 Aralık 2023 16:41;2.882;;"Yemek Sepeti'nde restoran kullanıcısıyım. Yemek Sepeti, kendi kendine çalışma saatlerimi değiştirip özel günler eklemiş. Yani restoranım 3 gündür kapalı ve kimse yardımcı olmuyor. ' Mail atın' diyorlar; 10 tane mail attım, kimse çözüm sağlamadı. Restoran hala kapalı. Diğer firmalar ise böyle değil, anında yardımcı oluyorlar, 2 dakika içinde sorunumu çözüyorlar. Artık bu Yemek Sepeti'nin saçma sapan GO uygulamasından bıktık. 2023'ündeyiz ve hala bu firma geri kalmış.";True;calısmasaatleri
27343186;Yemeksepeti Siparişi Teslim Almadığım Halde Teslim Edildi Görünüyor Sistemde;25 Aralık 2023 00:50;245.0;;Siparişi teslim almadığım halde sistemde teslim edildi diye görünüyor kurye beni aradığında 2 dakika oradayım çıkabilir misiniz dedi bende hemen çıktım yurdun arka kapısından alacağımı belirtmiştim siparişi almaya giderken beni başka bir numara aradı sanırım restorandan bilmiyorum. Kurye siparişinizi teslim etmiş aldınız mı dedi bende hayır dedim kapattı yaklaşık 30 dakika bekledim baktım gelen giden yok beni arayan numaraları aradığımda mesai saatleri dışındayız dendi ve hem param gitti hem aç kaldım yardımcı olabilir misiniz.;True;calısmasaatleri
27314005;Yemeksepeti Restoran Destek Hattı;21 Aralık 2023 18:30;1.2;;Yaklaşık 2 aydır Yemek Sepeti üzerinden hizmet veriyoruz daha doğrusu vermeye çalışıyoruz. 7/24 restoranlara destek vermesi gereken bir kuruma gece 2de yaşanan bir problem için ulaşamıyoruz mesai saatleri dışında olduğu için. Kurye gelmiyor müşteri mağdur oluyor restoran kötü yorum ve değerlendirmelere maruz kalıyor. Menü içerik ve fiyat için yaşanan sorunlar için mail atın deniyor ben bir duvarla konuşmak istemiyorum gerçek ve canlı bir muhatap istiyorum.;True;calısmasaatleri
26866790;Yemeksepeti Eksik Sipariş Gönderimi (Sipariş #my21-yz61);15 Kasım 2023 09:09;72.0;;10 Kasım tarihinde Yemeksepeti üzerinden verdiğim siparişte ürünüm eksik gönderildi. İade talep etmeme rağmen 24 Saatlik dönüş süresi bahanesiyle sistem talebiniz alınmıştır diyerek geçiştirdi beni. Kimse tarafıma dönüp iletişim kurmadı Yemeksepeti'nden. Akşam saatlerinde tarafıma kahve göndermişler ofis adresime. Mesai saatleri dışında ve haber vermeden. Son dönemde kalite iyice yerlere düştü. Son derece mağdurum. Bu yaşadığım kaçıncı olay artık. Tekrardan eskiye dönüp gidip kendimiz alacağız her şeyi.;True;calısmasaatleri
26832786;Yemek Sepeti Saçmalıkları;12 Kasım 2023 04:44;735.0;1.0;"Yemek Sepeti'nde aynı firmalar farklı isimlerle listelenebiliyor. Siparişleri özellikle gece saatlerinde aşırı geç getiriyorlar; üç saat sonra siparişimi kurye getirdi ve getirmeden kısa süre öncesinde iptalimi gerçekleştirdim. Geciken siparişler için bir maksimum süre olmalı ve sonrasında otomatik iptal gerçekleşmeli. Ayrıca yapılan geri dönüşler hiç dikkate alınmıyor. Alınsa, sıkıntılı firmalar uygulamada bloklanırdı. Müşterisini bu kadar umursamayan başka bir firma görmedim. Ek olarak sipariş bilgilerinde sipariş saatleri ve iptal saatleri yanlış yazıyor; bunu bilerek yaptığınızı düşünüyorum. Aktif siparişte ise herhangi bir sipariş saati yazmıyor; bunu da bilerek yaptığınızı düşünüyorum. Önceki siparişlerimde firmayı değerlendirmek istediğimde, sadece Yemek Sepeti'nin kafası eserse açtığı pop-up'tan değerlendirebiliyorum. Oturup saatlerce saçmalıklarınızı yazabilirim. Müşteri memnuniyeti sıfır, kullanıcı deneyimi sıfır, barındırılan şirket kalitesi sıfır. 'Nasıl olsa belli bir kullanıcı kitlemiz var' mantığıyla bakılıyor sanırım; hiçbir geri dönüşü umursadıkları yok. Böyle şirketler piyasada barınmasın, artık alternatifleri var sonuçta.";True;calısmasaatleri
26726338;Yemeksepeti 1 Saat Sonra Sipariş İptali;02 Kasım 2023 13:28;353.0;;"Yemek Sepeti'nden iş yerine 8 kişi için 8 menü siparişi verdim. 1 saat bekledikten sonra ""Siparişiniz teknik sorun nedeniyle iptal edildi. Lütfen daha sonra tekrar deneyin"" şeklinde bir SMS geldi ve siparişim iptal edildi. Sebebini bile bilmemekle birlikte, 1 saat sonra iptal edildiği için 1 saat boyunca 8 kişi yemek bekledik ve iş yeri olduğu için öğle arası saatleri de geçti. Herhangi bir şekilde bot dışında bir müşteri temsilcisine de ulaşamadım.";True;calısmasaatleri
26572816;Yemek Sepeti Aç Bıraktı;19 Ekim 2023 14:14;474.0;;Yemek Sepeti uygulamasından saat 12:37'de bir hamburgerciden verdiğim siparişimi 1 saat bekledim, daha sonrasında müşteri ilişkileriyle 13:37'de görüşme başlattım ve bu görüşmede de 15 dakika gibi bir süre sürdü, meğer restoran kapalıymış beklemeye devam etsem kimsenin bir uyarısı olmayacaktı. Sonuç olarak aç kaldım ve herhangi bir şekilde Yemek Sepeti tarafından bu mağduriyetim giderilmedi. Kurumsal olduğu için piyasa güvenerek iş yaptığımız sağlığımızı emanet ettiğimiz bir firmanın mağduriyet gidermemesi açıkçası anlaşılamaz. Bu konuda rakip firmalarda mağduriyeti gidermek için kupon tanımlamaları yapılıyor sizden şikayetçiyim.;True;calısmasaatleri
26417134;Yemeksepeti Restaurantları Kafasına Göre Ticket'ı Kaldırıyor.;05 Ekim 2023 16:04;6.479;;Yemeksepeti Ticket Ödeme Seçeneği Özellikle Burger King McDonald's KFC Popeyes gibi markaların özelinde sürekli iş çalışma saatleri içerisinde iptal ediliyor. Dünyanın en saçma olayı. Ben Ticket'ımla yemek sipariş edebilmek için illa iş saatleri dışını mı beklemek zorundayım? Diğer Yemek Kartı seçenekleri duruyor bazen hiçbiri olmuyor ama özellikle Ticket sürekli kalkıyor. Yemek Sepeti'nin Bu Özelliğe göz yumduğunu düşünüyorum.;True;calısmasaatleri
26294533;Yemeksepeti Kurye Çalışma Saatleri Bizi Mağdur Ediyor;25 Eylül 2023 01:44;8.511;5.0;Muğla Fethiye'de Oses Çiğköfte bayisiyim. Aktif bayi iken kızımın adına olan işletmemi kendi adıma aldım. Fakat Yemek Sepeti kendi valesi olan bölgelere restorant vale uygulamasını kaldırmış olduğunu belirtti. Yani vale ile çalışacağımı ya da çalışmayacaksınız dedi. Mecburen kabul etmek zorunda kaldık. O kadar komisyonu da mecburen kabul ettik. Konu bu değil biz çiğ köfteciler Türkiye genelinde araştırılsın ki, akşam 10'dan gece 5'e kadar iş yapabiliyoruz. Fakat bu bölgede tam işimizin hızlanma vaktinde, yani 01.00'da Yemek Sepeti kurye son buluyor. Asıl bizim iş yapacağımız saatte, haksız bir rekabete sokuluyoruz. Bu konu bizim için çok önemli acilen sorunumuzun çözülmesini talep ediyorum. Onlarca kez aramama rağmen, sonuç bulamadığım için buraya yazmak zorunda kaldım. İş yerimi aşırı derecede zarar etmek durumunda ya kendi kuryemizi açın sizden ricamız ya da saatleri en azından 03.00 uzatın [email protected];True;calısmasaatleri
26236745;Yemeksepeti Online Ödeme Sorunu;20 Eylül 2023 08:10;360.0;1.0;"Yemek Sepeti'nde 19 Eylül Salı günü 18:45 ve 19:00 saatleri arasında 2 ayrı sipariş verdim. Biri McDonald's diğeri Side Miss Pizza . İkisinde de online ödemeye kart bilgilerimi girdikten sonra ""Bir sorun oluştu"" uyarısı aldım ve ikisinin de ücreti hesabımdan çekildi. Bu sorundan inanılmaz derecede sıkıldım gerçekten ve yine iade talebiyle acil çözüm bekliyorum.";True;calısmasaatleri
25970893;Yemeksepeti Slot Seçememe Çalışma Saati Gözükmüyor;27 Ağustos 2023 14:13;7.638;;Yemeksepeti express slot yani çalışma saati asla seçim yaptırmıyor ve çalışma saatleri gözükmüyor. 1 aydır bekliyoruz. Müşteri hizmetleri ne bağlanıyoruz destek sağlayamıyorlar. Mail atın diyorlar, mail atıyoruz dönüş yapan olmuyor. Ne yapacağımızı nereyi arayıp destek isteyeceğimizi şaşırdık. Bir yardımcı olun artık;True;calısmasaatleri
25738788;Yemeksepeti Çalışma Saatleri Düzenlenmiyor;08 Ağustos 2023 19:12;7.41;;Wv45 kodlu Yemeksepeti ile çalışan dükkan sahibiyim. My restorant uygulama üzerinden çalışma saatlerini değiştiremiyoruz. Bu yüzden de dükkan aktif hale gelmiyor. Gün boyu dükkanımız kapalı kaldı, müşteri ve ciro kaybı yaşadık. Müşteri hizmetleri sadece beklememiz söylüyor ve yapılan hiçbir şey yok.;True;calısmasaatleri
25676353;Yemeksepeti Slot Seçim Hatası;03 Ağustos 2023 15:27;5.882;;Yemeksepeti express slot yani çalışma saati asla seçim yaptırmıyor ve çalışma saatleri gözükmüyor. 1 aydır bekliyoruz. Müşteri hizmetleri ne bağlanıyoruz destek sağlayamıyorlar. Mail atın diyorlar, mail atıyoruz dönüş yapan olmuyor. Ne yapacağımızı nereyi arayıp destek isteyeceğimizi şaşırdık.;True;calısmasaatleri
25577465;Yemeksepeti Ve Arbys Ürün Yanıltıcılığı!;25 Temmuz 2023 22:29;6.749;1.0;24.07.2023 tarihinde Yemeksepeti üzerinden Ankara Gordion Arbys restoranından ürün aldım. Üründe 2 tane 1L kola olmasına rağmen restoran bilerek 2 tane 33'lük kutu kola gönderdi. Yemeksepeti üzerinden iletişim e geçtim ancak restoran kapandığı için ertesi gün göndereceklerini belirttiler. Ertesi gün de yaklaşık 5 saat boyunca onlarcası müşteri temsilcisi ile görüştüm, hepsi mağaza yetkilisinin ürünü yolladığını ve yolda olduğunu belirtti. Ancak ürünler gelmedi. Yemeksepeti bana yardımcı olmadı, aksine restoran kapanana dek oyaladılar. Ayrıca hep aynı yalanı söylediler. Her bağlanışımda yolda olduğunu söylediler ve beni bekleterek restoranın çalışma saatleri dışına çıkmasını sağladılar. Temsilciler de Arbys restoranda beni yanılttı. 20-30 liranın derdine düştüğümü düşünmeyin, ama benim gibi binlerce insandan çok büyük paralar alınmaktadır. Bu nedenle hem Yemeksepeti'nden hem de Arbys'den şikayetçiyim.;True;calısmasaatleri
24988485;Yemeksepeti Panelimin Açılmaması. Restaurant Olarak Panelim Kapalı;04 Haziran 2023 03:57;3.165;3.0;Yemeksepeti panelim restaurant olarak 2 gündür kapalı yetkililere 50 tane mail attım aradım ilgilenilmiyor maalesef. En eski ama en amatör bir panel Yemeksepeti. X5cd ıd numaralı panelim çalışma saatleri düzenlenemediği için defalarca şikayet amaçlı yazdım mail attım fakat dönen yok;True;calısmasaatleri
