Puan;Başlık;Yorum;Vote
2;Donma Sorunu İos;Uygulama 25.49.0 sürümü iphone 6s ios 15.8. 2 sürümünde uygulamaya bir kez girdikten sonra tekrar girmiyor lütfen düzeltirmisiniz ?;0
1;Tam bir rezalet;Gece 00.30 da sipariş verdim ancak saat 4.22 olmasına rağmen hiç bir şey gelmedi buna ek olarak birde teslim girildi ne müşteri temsilcisi var ne başka bir yer gece 4.30 da napacağımı bilmiyorum destek filan yok.;0
1;berbat ötesi;İnsanı açlıktan öldürür bu o. evlatları;0
1;REZİLLİK!!!;Canlı destek yok, müşteri hizmetlerine ulaşılmıyor! Müşterilerini tamamen restoranın insafına bırakıyorsanız ne diye uygulamayı kullanıp size para kazandıralım telefonla sipariş ederiz! İşinize saygınız yok. Bir daha asla ama asla sipariş vermeyeceğim!;0
1;İletişim yok;Müşteri hizmetleri yok telefonu suratınıza kapatıyolar eksik ürün gönderiyolar aman dikkat edin;0
1;Kazıklıyosunuz;Hizmet bedeli, servis bedeli , getirme ücreti adı altında milleti kandırıp 2-3 katı para alıyorsunuz haram olsun siliyorum uygulamanızı;0
1;Para tuzagı;Uygulamada iade yapamadım daha sipariş edeli 2 saniye olmasına rağmen üstüne telefonlarım açılmıyor bilerek başkasını arıyorum numara kullanılmıyor diyor trendyol go geçin bu uygulamayı skm;0
5;Başırı bi uygulama;Aradığım herşey var ve siparişim zamanında geldi;0
1;Açılmıyor;Açılmıyor hep bir sorun düzeltin artık;0
5;Güzel;İyi;0
1;SAÇMALADINIZ İYİCE;Restaurant 20 tl kurye ücreti alıyor onu anladık ilaveten neden 5 tl hizmet ücreti alıyorsunuz? Her hafta zam geliyor yemeklere, kalite düşüyor. Uygulamayı bırakma zamanı gelmiş…;0
1;sipariş iptali mümkün değil;yanlışlıkla sipariş verirseniz iptal edemiyorsunuz ve paranıza çöküyorlar, müşteri hizmetleri adını verdikleri yere ulaşamıyorsunuz. sipariş son anında 5 saniyelik geri sayım koymuşlar ama çalışmıyor;0
1;Extremely Irresponsible App – No Support and Unreliable Service;"I had a very disappointing experience with this app. Restaurants can easily take your money, mark orders as “delivered,” and there is absolutely no accessible customer support to help you. I was left waiting for hours with no response, even though the restaurant didn’t have the item I ordered and refused to cancel it.

There is no proper assistance, no live support, and no way to solve issues when something goes wrong. The app feels completely irresponsible and unreliable. I do not recommend it to anyone, and I hope the developers take these problems seriously.";0
1;En kötü hizmet;Yemek 1,5 saat gelmediğinde müşteri hizmetleri diye bir yere ulaşmak mümkün değil. Tek seçeneğiniz adres değişini. Ne telefon, ne chat bot. Korkunç. Abv.;0
1;Sipariş;Eksik ve yanlış ürün gönderiminde iptal veya iade yapmıyorsanız ne işiniz var bu sektörde;0
1;En kötü yemek uygulaması;"Denetim ve yönetim eksiklikleri nedeniyle ciddi politikalar alarak iade süreçlerini yenilemişler sanırım. Ancak haklı olanı da küstürdüler. İletişim eksikliği olan kuryeleri…
İnisiyatif eksikliği olan müşteri temsilcileri…
Hatta konuyu bir üstte aktaramayacak sistemsizlikleri ile bu sektörde küçüleceklerdir. Trendyol yemek Hepsiburada getir bizleri bekliyor…";0
1;Fkdkkf;Kakskdkdj;0
1;allahin belasi;canli destek sistemi tas devrinden kalma dünyanın en kötü sistemi siz yazarken yüzünuze kapatiliyor sakin indirmeyin umarim batar;0
1;Açılmayan uygulama;Uygulamayı silip yüklemekten sıkıldım açılmıyor muattab olacagın kimseyi  bulamıyorsun;0
1;Destek yok;Yanlış sipariş verdim, canlı destek YOK. Restoran numarası var, kullanılmayan numara. Yahu dolandırıcı bunlar kaçın.;0
5;Giriş;Uygulama açılmıyor 2 gündür;0
1;Güncelleme ile çalışmıyor 8-12-2025;Y logoda kalıyor yazık müşteri kaybı arkadaslarda da aynısı silip geçiyoruz;0
1;Berbat;130 tl den düşük sipariş veremiyorum.Bu saçma;0
1;İptal Reziiliği;7:10 da sipariş verdim , 9:50 de teslim edeceklermiş . Birde erken teslim için ücret ödeyip bu saatler arası teslim etmeyi planlıyoruz diye mesaj atılıyor. Siparişi iptal etmek istediğinizde de ise üzgünüz iptal edemiyoruz deyip dalga geçiyorlar .;0
1;Temsilciye ulaşmak imkansız;Sipariş epey geciktiği için, yardım merkezine giriyorsun, siparişim nerede butonu çıkıyor, basıyorsun, “hazırlanıyor” diyor, aşağısına da bir buton koymuşlar “teşekkürler bekleyeceğim”. Yahu hazırlandığını normal sipariş ekranından da görebiliyorum, çözemediğiniz sorun için size niye teşekkür ediyorum??? Yani??? Ne???? Ne bu???;0
1;Çök kötü destek hattı;Müşteri temsilcisine ulaşmak hiç mümkün değil, siparişle ilgili bilgi almak için müşteri temsilcisine ulaşabilirsiniz diyorlar, uygulamanın hiçbir yerinde bulamazsın. Bir de müşteri hizmetleri numaraları yok, restoran numarası da yok, verdikleri tek şey, strestir;0
1;rezil uygulama;hayatımda gördüğüm en berbat rezil uygulama 2 dir yemeği 2 saatte getiriyorlar kuryelere yazık gerçekten müşteri temsilcisine de ulaşılmıyor aklınız varsa hiç bir sipariş vermeyin şu uygulamadan;0
1;Hiç bir işe yaramaz;Kaç kere yaşadım ama saat 10 da sipariş verdim restoran bende sipariş yok dedi yemek sepetine ulaşmak mümkün değil kurye aldı gözüktü saat gece 2 oldu sonra siparişi iptal ettiler;0
1;Irresponsible organization;"If you wish for a warm food and on time delivery ,responsible as well
This is NOT the app you want";0
1;Oe;Lan siz benimle dalga mı geçiyorsunuz siparişim 1 de gelmesi gerekirken 2 attınız arıyorum resmen 10 dakika bekledim bir angavut actı adam sipariş kodunu aldı metin okudu iyi geceler diyip suratıma kapattı sizden yemek söyleyeni sksinler mk sktirin gidin 1 yıldız bile verilmez size khpeler;0
1;Çok kötü bir uygulama olmuş;Eskiden hemen müşteri hizmetlerine bağlanılabiliyordu. Açık görünen dükkanlar kapalı .sipariş iptalini hemen gerçekleştiremiyorum. Hiç sevmedim.;0
1;Rezalet;Bir sipariş verdim 2 saat oldu halen gelmedi iptal etmek istiyorum canlı görüşmede yoğunluk varmış saat 10 da sipariş verdim şuan saat 12 yi geçti yarın 6 da kalkıcam işe gidicem uykusuz kaldım sırf 2 tane dürüm istedik ya Allah sizi bildiği gibi yapsın utanmaz arlanmazlar.;0
1;Worst company in turkey;Dont trust them. They dont care for customer satisfaction at all;0
1;Paramı vermedi;Gece yemek siparişi vermiştik 3 hamburger, 2 tanesi geldi sadece. Talepte bulunmama rağmen kimse ilgilenmedi. Hem hamburgerden hem paramdan oldum ve kimin suçlu olduğu ortada. Neden böyle insanlarla çalışan bi uygulamayı kullanayım ki?;0
1;Müşteri iletişimi;Başından beri kullanırdım, korkunç bir hal almış asla iletişime geçilmiyor. Sildim, bir daha asla kullanmam.;0
1;Şikayet;Yemeksepeti üzerinden aldığım bir yemek yaklaşık iki 2,5 saat gecikme yaşadı yaşanan gecikme ardından da başvurabileceğim iptal edebileceğim herhangi bir merci hakkı sunulmadı gerçekten rezalet söyleyeceklerim bu kadar.;0
3;Geliştirme fikri;"Genel olarak uylama kullanışlı ama bir sorundan bahsedeceğim pizza siparişi  vereceğim içinde ne olduğunun anlatan bir resim yok, isimlerden içinde ne olduğunu anlamaya çalışmaktan sıkıldım. örnek isimler; Türkishmax, superior, parti bu isimlerden içinde ne olduğunu anlamak çok zor.";0
1;Memnun kalmadım;Siparişim eksik geldi kimsede yardımcı olmuyor;0
5;Teşekkürler;Yılların klasiği bir uygulama. 2005’ten beri severek müşterisiyim.;0
1;Berbat güncelleme;İnsanları daha rahat kazıklamak için joker indirimi kullanmayı zorunlu hale getiren saçma bir güncelleme geldi normal restoran fiyatlarıyla karşılaştırma yapılmasın (restoranların sahte indirimleri belli olmasın);0
1;sipariş;Adamlar kurye bulamıyor siparişi getirecek bu kadar kötü bir teslimat uygulaması görmedim.;0
4;İndirmeyin Mağdur olursunuz;Restoran kendi kafasına göre sipariş iptali yapıyor saatlerce bekletiyorlar geri dönüşte yapmıyorlar paranızla rezil olmak istiyorsanız indirin;0
1;Rezalet bir uygulama muhatap yok;Saatlerce yemek bekliyorum ne bi numarayla görüşebiliyorum ne canlı destek bağlanıyor saatlerce yemek bekliyorum iki gündür üst üste görüşebileceğim biri de yok;0
1;Yemek siparişi;Yemek istedim 2 saat oldu gelmedi şikayet etmek istiyorum müşteri hizmetlerini arıyorum şikayet edicem diye telefonu yüzüme kapatıyor bu uygulamadan asla yemek siparişi vermeyin;0
3;Haraç;Hizmet bedeli diye bi haraç kesmezseniz insanlardan daha iyi olur;0
1;Zamanlama kötü;Asla gösterilen saatte gönderim sağlanmıyor insanlara saygı 0 . Uygulamaya  her girdiğimde teslim süresi 15 dakika uzuyor;0
1;Uygulama çöküyor;Son sürümden sonra uygulama açılmıyor, çöküyor, güncelleme gelmesi lazım;0
1;Yemeksepeti Bitmiş;Heralde 20 senedir kullanan biri olarak, istediğim bir menüden hamburgerim gelmedi ve patates kola ile doymam gerekti. Yemeksepetinin rezil sistemine girdim, ekstra talep de açtım, 1 haftayı geçti hala talep inceleniyor diyor. Üzgünüm ama siz artık türkiyede kaybetmeye mahkumsunuz, ve umarım öyle de olacak.;0
1;5 para etmezsiniz;Vasat bi yönetim anlayışınız var kuryeyi, işletmeyi ve müşteriyi birbirine düşürüyorsunuz;0
5;O kadar motor çıkarttımki döndüm yemek sepetine;🤩;0
5;İndirim;Yüzde 50 indirimleri severek kullanıyorum teşekkürler yemek sepeti;0
1;Fiyasko;"Kullanmayı bırakma vakti çoktan gelmiş 
Öncelikli sipariş veriyosun gelmiyor iptal edilmiyor boş boş bekletiyo restoran kapancak öyle iptal olcak heralde";0
3;Uygulama Açılmıyor;Kaç gündür uygulamaya giriş yapılamıyor. Bi güncelleme getircekmisiniz?;0
5;Teknik sorun;Uygulama hacklendi mi? Açılmıyor…;0
1;Destek 0;"Bir sipariş veriyorsunuz tam 4 kere erteleniyor ve sonucunda iptal etmek dışında başka bir seçeneğiniz maalesef yok 
Yemeksepeti veya mağazanın hiçbir numaralarına ulaşılamıyor destek 0 
Nasıl bu denli büyüyor bu uygulamalar?";0
1;Seveilmeyen restaurantlar;Begenmedigimiz restaurantlari hatirlamak icin onlara 👎🏽 isaretini en azindan kendi sayfamizda koyabilmeliyiz. Ezberlemek zorunda kaliyoruz begenmedigimiz restaruantlari;0
1;Kul hakkı yediniz;Allah sizin belanızı versin inşallah;0
1;Ulaşılacak kimse yok;Müşteri olarak sürekli yaşadığım sorun. Sıkıntıya düştüğümde help butonu hiçbir işe yaramıyor, görüşülecek kimse yok. Sadece yemeksepetinin uygun gördüğü sorunları yaşayabilirsiniz başka sorununuz varsa yemeksepetinin umru değil. İyice berbat ettiniz bu sistemi.;0
3;Bayramoğlu- İntiba;Akbaba mah çok merkezi bir yer olmasına ragmen bayramoğlu- intiba gibi yerler servis agınızda yok.;0
2;Kupon kullanımı;Kupon kullanımı çok verimsiz neredeyse hiç bir işe yaramıyor diyebilirim bunyüzden mümkün olduğunca az kullanıyorum uygulamayı;0
1;Adi firma;Bu yemek sepeti kadar adi firma görmedim üye olmayın buraya hattımı yeni aldım ilk defa kullanıma açtım kuponlarımı tanımıyo türkcell bu adi firmadan kod verdi uygulamıyo hesabımı kapattım uygulamayı sildim yemek sepetimi asla tredyol yemekten vazgeçmeyin böyle adi firmalara prim vermeyin;0
1;Başka firma kullanın;Gidin başka firma kullanın 2 saat oldu yemek gelmedi iptali 2 saat sonra yapabildiler hiç bir muhatap ve ya müşteri hizmetlerine ulaşamıyorsunuz 2 saat geçmesi gerekiyor;0
1;Sipariş hatası ve para iadesi yapılmaması;İkidir yanlış sipariş geliyor birincisinde kabul ettik bir şey demedik ikincisinde yine aynı marka aynı ürünü yanlış getirdi. Bu u istemediğimizi değiştirmelerini söyledik sonra bize siparişi iptal edin o zaman dediler fakat yemek sepeti uygulaması malesefki paramızı çaldı ürün falan da göndermedi hiç kimseyle iletişim sağlayamadık. Müşteri hizmetlerine durumu anlattığımızda bize bu konuda yardımcı olamayacağını söyleyip telefonu suratımıza kapattı böyle saygısızlık hiçbir müşteri hizmetlerinde görmedik. Berbat bir sistem berbat bir müşteri hizmeti hizmet diye bir şey yok tabi orası ayrı;0
1;Uygulama da mantık hataları var;Ödeme sayfasında kupon kodu giremiyoruz. Sepetim sayfasında girmemiz gerekiyor. Bu çok saçma otomatik bakit seçiliyse kuponlar kesinlikle girilemiyor. Bunun düzeltilmesi gerekiyor. Ürünler sepete eklenirken eklenmesi uzun sürüyor. Infınıty scroll özelliği bazen çalışıyor bazen çalışmıyor. Bunların detaylıca incelenmesi ve testlerinin yapılması gerekiyor. Böyle bir firmaya test yapmadan güncelleme yapmak yakışmıyor.;0
1;sizin yapacaniz;uygulamaya kafam girsin;0
1;KULLANILACAK BİR FİRMA DEĞİL…;"1 yıldız bile çok fazla 
İnsanları umursamayan bir firma ürünler soğuk geliyor.";0
3;Konum sorunu;Sistem ne yaparsak yapalım adresi arka tarafa atıyor.;0
1;MÜKEMMEL;2 saat teslimat süresiyle yemek sepetine teşekkür ederim;0
1;Customer Service is the worse;I ordered food from an restaurant and I waited 2 hours and the food did not come yet the problem is that the i contacted the customer service for help and they called the driver after few calls and long minutes they answered me back finally saying that the driver claimed that he delivered your order and we can’t assist you any further like what? So driver can steal my food and claim anything and that is it even though it literally says on the program your food is still being delivered the representative name was Emir C. please fire him he really doesn’t help at all i waited 2 hours + 1 hours contacting the support and lost money and literally will sleep hungry i repeat the Representative name Is Emir C.;0
1;Canlı destek ve hizmet konusunda olsun rezalet bir firma bir daha asla uygulamayı kullanmayacağım;Açık yerden sıparıs verıyorum 1 saat geçmiş canlı desteğe bağlanıyorum iptal etmedıgım halde otomatik kendısı sıparısımı iptal etti madem kafanıza göre siparişimı ıptal edeceksiniz tam olarak bu alanda ne amaçla hızmet ediyorsunuz TRENDYOL EN İYİSİ HER ZAMAN TRENDYOL DAN SİPARİŞ VERMEYE DEVAM EDECEĞİM SİZİN UYGULAMANIZI DA KİMSEYE ÖNERMİYORUM ÇÜNKÜ BU ALANDA GERCEKTEN ÇOK KÖTÜSÜNÜZ;0
1;Berbat bir marka;Bu kadar kötüye giden müşteriyi rezil eden bir yemek firması daha yok mide bulandırıyor yemek sipariş ettiğim yerler yemek eksik yada hasarlı gönderiyor ama asla yardımcı olmuyor böyle bir durum olmaz ya;0
1;Sipariş iptal edilmiyor;Sipariş iptal edilmiyo bir türlü, yolda görünüyor 2 saatte geçse ne sipariş geliyo ne iptal ediliyor ne ücret geri yatıyor. Yemeksepeti de hiçbir şekilde destek olamıyor maalesef;0
1;Dolandırılım;Yanlış yemek teslim edildi. Ücret iadesini talep ettim. Aradaki farkın tamamını iade etmediler. Gidin turuncu uygulamayı kullanın. En azından sizin arkanızda dururlar ve iadenizi yaparlar.;0
1;Sıfır pratik;Bir adresi 50 kere girdirip siparişi verip karttan onay gelene kadar ilerleyip sonra 10 kere aynısı ı yaptıran iğrenç bir uygulama nefret ediyorum saçma sapan uğraştırmasını ve sonsuza kadar siliyorum.;0
1;Rezalet;Sipariş veriyorsun restaurant arıyor abi yemek hazır diye ama yemek sepetinin kuryesi bir saat sonra gidip alıyor rezalet;0
1;Terbiyesizler;Iletisim 0, müşteri memnuniyeti 0;0
1;.;5kuruş etmez bir sistem siparişi yanlış adrese verdim beni ne sipariş verdiğim dükkana bağlıyo nede girdiğim adresi değiştirmeme trendyol goyu rercih ederim;0
3;Uygulamada hata var;Siparişmi oluşturuyorum ödeme yerine geçiyorum kredi kartını seçiyorum kredi kartı bilgilerimi giriyorum tamama basıyorum sonra otomatik olarak tekrar nakit olarak siparişi oluştuyor acilen düzeltilmesi gerek üstümde nakit yoktu mecbur hesaplarına atmak zorunda kaldım;0
1;Bıktım;Gerçekten bıktım 45 dk geciken yemek için müşteri temsilcisine bağlanamamaktan ne zaman kullansam pişman oluyorum;0
5;Kolaylık güvenlik;Çok iyi bir Uygulama harika servis v güvenli …..;0
1;Acilmiyor?;Marketler kisminda hangi dukkana girsem bombos… birak urun gormeyi kategoriler bile gorunmuyor. Beyaz ekran. Gitgide kotuleyen bir deneyim sunmanizdan belliydi bir gun patlayacaginiz. Zaten muthis yavas yuklenme, yuklenmeme, crash etme yasiyorduk simdi resmen boslukla bakisiyoruz. Yemeksepeti olu bir dinazor artik, calisanlar da kendilerine yeni bir is baksalar daha iyi. Yakinda sirket cekilirse trden hic sasirmam;0
5;Sizin uygulamanızın içine tüküreyim;Yapacağınız uygulamanın ben sipariş veremiyoruz birşey yapamıyoruz allah belanızı versin;0
1;En Açgözlüsü;Yemek uygulamaları içindeki en aç gözlü olanı. Arada joker bakmak için girmek dışında kullanmak için sebep kalmadı;0
1;Onunbynuncocukları;2 seferdir siparişte parayı alıp getirmiyorlar nir de dakga gecer gibi 50yl kupon tanımlıyorlar ananıxııbacızını;0
1;ENGEL ENGEL ENGEL !!!!;Promosyon veriyor ama faydalanamamanız için elinden gelen her şeyi yapıyor!!!!!!;0
1;Sorumsuz ve ilgisiz Bir uygulama;Joker adı altında 300 liralık ürüne 600 TL yazıp sözde 200 TL indirim yapılıyor ve siz bunların hiçbirini denetleyorsunuz bu dolandırıcılarla ortak iş yapıyorsunuz ben yemeksepeti Trendyol Migros hiçbirinden artık yemek siparişi vermeyecegim hiçbirinizi istemiyorum yazıklar olsun insanları dolandırmaktan vazgeçin;0
1;Damaged and rotten products;"I use this app everyday because it is available late at night to get groceries and I tend to cook a lot. But their support is the worse experience I ever had. I keep getting rotten avocados and rotten fruits. It is like the lottery so you don’t know what you are getting and when you go to the reporting section in the app it keeps processing claiming to connect you with an agent. I spent 30 minutes waiting in vein and I tried an hour later but the same thing. I am not getting refunded for my money lost. Prior I had an issue where my order did not come and I requested a refund and they blamed me for not selecting a correct address which is a lie as I had that address all along and no money was refunded 
Is there anyone else having this issue
I don’t know how to report this or get support so o am writing a review hopefully you will freakin check the products before ripping people off";0
1;Bozuk uygulama;Yemek sepetini indirdikten sonra sadece bir kere girebiliyorsun uygulamayı kapatıp açınca tekrar açılmıyor ana ekranda bekletiyor 1 aydır bu şekilde on binlerce müşteri kaybettiniz;0
1;Rezalet canlı destek bile yok;Ödeme yöntemi kapıda kredi kartı idi onlineye çevirmek istedim telefonumdan kod istedi kartı bile seçtirtmedi ve ödeme onaylandı dedi değiştirmem için bi yardım da yok yanlış hesaptan çekildi yönlendirdikleri restoran numarası bile kullanılmıyor;0
5;İyisin iyi;Allah Nevzat Aydın'dan razı olsun.;0
1;Gösterilen süreye uyum yok, en kötü yemek sitesi;Hiç bir zamn tahmini teslimat süresinde teslim edilmiyor.;0
1;Berbattt uygulama;Berbat bir uygulama. Asla zamanında gelmeyen ürünler kendilerine bağlı firma ve kuryeleri takip edememe. Canlı destek tayfası zaten berbat be saygısız. Açıklama talep ettiğinizde konuşmayı suratınıza kapatıyorlar :)) paranızla rezil olmak isterseniz kullanın buyrun.;0
5;Dünyanın En İyi Yemek Uygulaması;Dünyanın en iyi yemek uygulaması ve hizmeti süper harika;0
1;Yeter!;Bir kere de bir şeyler ters gitmesin be kardeşim. Sürekli kupon reklamı yapıyorsunuz ancak hiçbir restoranda kupon geçmiyor.;0
1;AÇILMIYOR.;Güncellemeden önce gayet iyiydi. Güncellemeden sonra ne olduysa artık uygulama kırmızı ekranda ( Y ) harfiyle takılıp kalıyor. Sildim tekrar yükledim. Açıldı. Sonra kullanıcı girişi yaptım. Uygulamadan çıkana kadar gayet iyiydi. Çıktıktan sonra bir daha bakayım dedim yine aynı kırmızı ekran. Uygulamayı anlayacağınız kullanıcı girişsiz kullandırtıyor ama alışveriş için giriş yap diyor. Giriş yapınca tekrar çıkış-girişte açmıyor.;0
1;bıktım artık;silicem;0
1;Pişmanlıktır;Pişmanlıktan başka bir şey değil sakın ama sakın düşmeyin sabır taşı olsanız çatlatırlar sildim rezillikten başka bir şey değilsiniz;0
1;Müşteri hizmetleri;Asla canlı desteğe bağlanılmıyor internette yazan numaraları da aranmıyor resmen bir yanlışlık olursa düzeltemeyelim diye yapılmış rezalet;0
1;İyice berbatlaştı;Kupon kullandırmamak için üstün çaba sarf ediyorlar kuponu kaldırmadan siparişin her aşamasında hata veriyor;0
1;Saçma;Sadece 1 kerelik kullanabildiğimiz yeClub sekmesini neden sürekli baloncuk şeklinde ana sayfada gösteriyorsunuz ? Aylardır kullanıyorum uygulamayı sadece 1 kere kullanabildim bir daha kullanamamadım.;0
1;Rezalet !!;İletişim konusunda sıfır bir uygulama rezaletsiniz !;0
1;uygulama;o kadar kötü bir uygulama ki hesabına girdmedim yeni hesap oluşturdum numaramı tekrar kullanamıyorum şaka gibi bir destek yardım asistan koyulabir!!!!!;0
1;Çok kötü bir uygulama;İlk başata kupon verim eliniz den alıyorlar kesinlikle indirmeyin veya sipariş etmeyin;0
1;DESTEK HATTI YOK!!!;DESTEK HATTI YOK!!!;0
1;Ödeme yöntemi reddedildi;Hiçbir türlü sipariş veremiyorum online ödeme kapıda temassız kart ve nakit ödeme hepsinde ödeme yönteminiz reddedildiği uyarısını veriyor;0
2;HATA;Son güncellemeden sonra açılmıyor;1
1;geliştiricilere isyan;yemek söylerken diğer uygulamalarda dükkana olan km yazıyor. yemeksepetinde ne yazık ki yazmıyor bu olay hem kuryeyi hem de yemeğimizin daha uzaktan gelmesini sağlıyor ve soğuyor. çok basit bi güncelleme ile rica ediyorum şu mesafe olayını getirin söyliceğimiz yer kaç km bilelim.;0
1;Reklam;Allah belanızı versin orusbu çoçukları;0
1;Ödeme yöntemi sorunu;Setcard ile ödeyeceğim siparişi setcardı yüzlerce kez seçmeme rağmen arada sırada kredi kartımdan çekiyor müşteri hizmetlerine ulaşmak istiyorum ama kullanım dışı diyor bu kadar sorunlu ve sorumsuz bir firma görmedim;0
1;UYGULAMAYI KULLANMAYIN;Tamamen sizi enayi yerine koyuyorlar herhangi bir sipariş iptalinizde sorgusuz sualsiz uygulama içinde cüzdana iadeniz yapılıyor. Ben cüzdana aktarılan paramın yarısını kartıma iade alabildim geri kalan iade olmadı. Hiçbir şekilde canlı destek hatları yok. Telefon numaralarına ulaşılmıyor. Kendileriyle mahkeme ve bakanlık ile özel olarak ilgilenicem.;0
1;Uygulama Açılmıyor !!!;Defalarca silip yeniden yüklememe rağmen uygulama açılmıyor belli ki yüklememek üzere sileceğim sahiden bu kadar zaman kullandıktan sonra en sipariş vermem gereken dönemde bu gibi bir sıkıntı kabul edilemez müşterilerine bu denli önem vermeyen bir şirket daha görmedim her seferinden kullanabilmek için ( hele aktif de kullanan birisi olarak ) silip yeniden mi yüklememiz gerekli indirmeyin indirtmeyin bir şans daha vermeyeceğim;0
1;0 olsa 0 verirdim;Kupon verdiler kullanmaya çalıştım ödemede saçma sapan bir sorun oldu ödememi almadı. Sonra geri diyip yeniden deneyeyim dedim kuponunu ikinci kez kullanamazsın dedi. Ben hayatımda böyle saçma uygulama görmedim benzer uygulamalarda da arada böyle sorunlar oluyor hemen müşteri hizmetleri yardımcı oluyor burada sorun bildirmek istiyorsunuz karşınızda muhattap yok. Saçma sapan bir uygulama zaten arayüzü de çok kötü 3 yaşında çocuk kodlamış gibi zaten hizmetleri de o seviyede hiç tavsiye etmem.;0
1;Dolandırıcılık;01-12-25 tarihinde sipariş verdiğim hamburgerim tarafıma teslim edilmediği gibi , dükkan teslim ettiğini iddia ettiği için benim paramı alıp , hamburgerimi getirmediler. Yemek sepeti, dükkan teslim edildiğini belirtiyor,yapabileceğimiz bir şey yok dedi. Yemek sepeti dükkanın telefon numarasını paylaşmıyor ve konuyu çözmek için hiçbir zahmete girmiyor, benim gibi dolandırılmayın diye yazıyorum. Bu uygulamayı kullanmayın, hiç güvenilir değil. Hala şoktayım.;0
1;Scammers;SCAMERSS;0
1;Standart;"Güncelleme: Müşteri hizmetleri yok. Uygulama içinden asla hizmet verilmiyor. Ara sıra denk gelen yazışmalı destek kısmında müşteri temsilcisi olduğunu iddia eden şahıslar sizi asla dikkate almıyor ve konuşmayı yarıda kesip sizi öyle bırakıyorlar. Yemeksepeti artık en son tercih edeceğim uygulama. Trendyol ve Getir hatta Migros bile çok daha iyi hizmet veriyor. Keşke bir yıldız bile veremesem, direkt sıfır verebilsem size.



Yemeksepeti komisyonlarını arttırdığı için fiziksel restoran fiyatlarıyla YS online sipariş fiyatları arasında en az %30 fark var ve Joker’de çıkan restoranların Joker sırasındaki fiyatlarıyla Joker öncesi fiyatları arasında da yarı yarıya fark oluyor. Ya restoranlar Yemeksepeti’ni kazıklıyor ya da Yemeksepeti hepimizi kazıklıyor. Bu konuda bir düzenleme yapılması gerekiyor. Bir litre sıradan ayranın 155 TL olduğunu gördüm. Bu kadar saçma bir şey olamaz. Özetle, Yemeksepeti bozdu. Kullanmaya devam ediyorum ama diğer uygulamaları daha fazla kullanıyorum açıkçası.";0
1;Müşteri hizmetleri;Beklenen saatten çok daha geç gelen siparişi iptal edemememiz ve ihtiyaç anında bir temsilciyle iletişime geçemememiz bizi çok zor durumda bırakıyor bu durumun düzeltilmesini talep ediyorum;0
1;Para iade;Ürünlerimin iptalini sağladım ama siz paramı gondermedınız 1 ay oldu ne rezil bir işletme kimse alısverıs yapmasın;0
1;Rezalet;Uygulama üzerinden verdiğim sipariş teslim edildi görünüyor ama gelmedi. Canlı destek yok, müşteri hizmetlerine ulaşılmıyor. Sorunun çözümü için kimse geri dönüş yapmıyor. Son çare, sosyal medya uzmanı dönüş yaptı sağ olsun. Müşteri hizmetlerinin yapacağı işi sosyal medya uzmanı yapıyor. Hizmet kalitesi sıfır.;0
1;Rezalet;Sadece komisyonununza bakın hizmet sıfır;0
1;Rezils;İki e postamada giriş yapmıyor;0
1;BIG SCAM;I ordered Food and the status was delivered. but i didnt get the food. I’ve been check everywhere in my apartmant but food not there. there is no option refund, there is no online chat. USELESS! You took my money but didnt give my food!;0
1;Berbat bir uygulama;Sipariş veriyorum 1 saat geçiyor hala Yemeksepeti ne bir insana bağlıyor ne açıklama yapıyor. Müşteri temsilcileri bazıları hiç umursamıyor. Korkunc bi uygulama insanı gerçekten öfkelendiriyor hiç faydası yok;0
1;Uygulama hep daha kötüye;İlk konum market alışverişindeki meyve ve sebzeler çoğunlukla ya pörsük geliyor ya da küflü! Her gecen gun kendinizi iyilestirmeniz gerekirken nasil bu kadar kotuye gidiyor ? Market kuponlarini kullanabilmek icin sepet limitini de evereste cikarmissiniz kullanamiyoruz! Uygulama sürekli yavaş ve takılıyor. Kişisel verilerimiz restoranlarla paylasiliyor! Tek isini duzgun yapan bunyenizde calisan emekci kuryeleriniz.;0
1;bıykot;o kadar kötüleşti ki 3 saat yemeğin gelmesini bekledim sonra iptal edildi siparişim;0
1;kalitesiz ve kötü;çok kötü bi destek sistemi, ne alıyoruz kaç gram alıyoruz belli değil. yaklaşık süreler tamamen yanıltıcı. berbatsınız ve tekelliğiniz çok yakında bitecek yok olup gideceksiniz :);0
1;Kötü hizmet;yemek sepeti kuryesi tarafından getirilen siparis 2 saat gelmedi iletisime gecmeye calıstım kurye yüzüme kapattı en sonunda siparisim ne oldugunu bile anlayamadan iptal edildi yardım merkezinin işlevi 0 rezil bir hizmet;0
1;H;Bu numarayı hiç birtürlü kabul etmiyor düzenleyin;0
1;canlı destek eksik;canlı desteğe bağlanamamak ne demek ya;0
1;Müşteri hizmetlerine ulaşamama;Sipariş veriyorsun geç gelince kimseye ulaşamıyorsun uygulamada canlı destek açılmıyor zaten arasan numara yok ödeme yapıyorsun 2 saat bekliyorsun berbat birdaha sipariş vermicem;0
1;q;yönetimi aşırı karaktersiz yemekler gelmiyor gelenler buz gibi d''k geçer gibi 100 tl kupon verdik diyorlar adamlarla iletişime bile geçemiyoruz okadar kalitesiz bi hal aldı rezalet bi uygulama;0
1;Kötü;Eskiden çok daha iyiydi ama şuan berbat müşteri hizmetlerine bağlanamıyorsunuz siparişinizi iptal edemiyorsunuz  yıllardır kullanmama rağmen bu son artık tamamen siliyorum;0
1;Yeclub market;"Hangi akıllının aklına geldiyse yeclublar artık marketlerde kullanılmıyor.

Aşırı pahalı yemek siparişlerinizde başarılar.";0
1;Kurye uygunsuz Davranış;Hapyy market siparişi verdim Yemek sepeti kuryeniz bana yalan söyleyerek 188 TL tutmuş olan ürüne 300 TL almıştır Bu konu hala çözülmedi kuryenizle iletişime Geçin Hakkı olmayan Parayı Aldı Paramı geri Getirsin;0
1;Siparis verilmiyor;Mesafeli satis sozlesmesi buga giriyor ve siparis veremiyorum hakikaten salak bu sirketin basindakiler;0
1;Berbat bir şirket;Hayatımda gördüğüm en berbat uygulama;0
5;Bravo;Getirden daha hızlı geliyor bravo;0
1;rezalet;dört 5 saat beklemiş soğuk pizza sevenler için ideal bir yer;0
1;Kötü;Yemek sepeti kullanmak benim için boşa geçmiş bir ömürdü;0
1;İade talebim fotoğraf göndermeme rağmen yapılmadı.;Yemeksepeti’ni kullanarak Komagene’den ultra mega çiğ köfte sipariş verdim içerisindeki çiğköfte miktarı Medium bir çiğ köfte dürümden farksızdı, içeriğine +20 TL farkla burger sos ve Doritos ekledim ama dürümün içerisinde sos ve Doritos hiç konulmamıştı. Fotoğraflayıp yemeksepeti’ne iletip iade talebimle ilgili yardımcı olmalarını istediğimde, net bir şekilde iadenin yapılmayacağını söylediler hiçbir şekilde yardımcı olunmadı.;0
5;Bayıldıkkkk;çok lezzetliydiiii🙏🏼;1
1;Buz gibi yemek getiriyorlar;Sadece buz gibi olsa iyi çoğu zaman kulanıyorum hep eksin ürün;0
1;Приложение не работает;Но кому какое дело;0
5;C ve hjjk;Yemek sepeti çok iyi ama teslimat ücreti bira z fazla sadece;0
1;Awful service;Deliveries mark order as deliveried even if you did not received anything, even if I have the leave and door option disabled they leave it at other peoples door and leave. The customer help is this cases takes hours to reply, and they are useless, this app sucks;0
1;Sorun;Yemeksepeti’nin bayadır bir kullanıyorum aşağı yukarı 3 yılı geçti lakin son 7-8 aydır yemeksepeti market bölümünün atıştırmalık kısmına giremiyorum girince uygulama donuyor ve atıyor uygulamayı bundan dolayı siliyorum lütfen bu hata düzeltilsin;0
1;Berbat ötesi  5 Yıldız verdim görünsün diye;Ye clup diye bisey çıkarmışlar bir sürü kupon oldu sürekli dışardan yiyorum indirim falan yok yalan söylüyor  neymiş karttan ödeme yapınca indirim varmış ben nakit çalışıyorum kardeşim mecburmuyum fiyatları sisirip indirim varmış gibi ayrıca muhatap kimseyi bulamadım;0
1;Siparişler gelmiyor;Çok sık ve çok fazla aksaklıklar olmaya başladı, siparişlerimin parası alınmasına rağmen bir ürün gelmiyor ve iade yapılmıyor.;0
1;Müşteri temsilcisi yok seni restorant ile baş başa bırakıyorlar;Sipariş ettiğim sipariş çok uzun süre gelmeyince iptal etmek istiyorum fakat müşteri temsilcisinde böyle bir seçenek yok ayrıca uygulama haricinde bir müşteri temsilcisi de yok;0
5;Yemeksepeti 1 numara;Supersiniz;0
5;Tekirdağ şube;Market çalışanınız Sercan bayraklı gibi bi çalışanınız olduğu için teşekkür ederim çok kibar ve naif biri ❤️;0
5;En hızlı ve kaliteli;Aldığım hizmet gerçekten kaliteli eksik üründe bile anında iade , hatayı affetmiyorlar.;1
1;DESTEK 0!;"Operasyonel masraflardan kısmak için müşterilerinize iğrenç bir deneyim layık görmeniz şirket değerlerinizin ciddi sorgu altına girmesi gerektiğini gösteriyor. 

Niçin kimseye ulaşamıyorum? 2 Gündür sipariş veriyorum, multinet ile ödeme seçeneğni seçiyorum kurye geliyor sadece mobil uygulamadan alabiliyorum diyor. Ya da kredi kartı ve nakit alabilirim diye seçenek sunuyor. Sorduğumda kendilerinin fiyuu adlı uygulamanın kuryeleri olduğunu söylüyorlar. Sipariş iptal oluyor ben bu konu hakkında kimseden yardım alamıyorum yemek sepetinden kimse ile görüşemiyorum. Ne bir telefon numaraları ne de bir mail adresleri var. Yardım merkezi diye koydukları saçma salak butonlar var ve bu duruma dair bir bildiri yapabileceğim bir şey yok!!!!!! Uygulamayı siliyorum. Müşterisini bu kadar umursamayan ve mesafe koyan bir firma parçalanmaya mahkumdur.";0
5;Yemek;Siparişimi çok kısa sürede teslim eden batu abiye çok teşekkür ederim;0
5;Güzel uygulama;Hakkını veriyor istediklerimi bulabiliyorum;0
1;Komisyon mu alınıyor haraç mı kesiliyor;Uygulamaya giriyorum 80 gr döner 250 tl. O kadar alışmışız ki olabilir deyip geçiyordum. Sokağa çıkıyorum aynı döner 120 tl. Restoranlarla konuşuyorum yüzde 20 ile yüzde 40 arasında komisyon kesiyorlarmış. Restoranttan fazla kazanılır mı ya. Adam diyoki sipariş götürdüğümüz her yere magnet bırakıyoruz fiyat listesi bırakıyoruz bizi arayıp söyleyin diyoruz dedi. Bu saatten sonra yemeksepeti bir daha kullanmam. Hem cebim için hem esnaf için.;1
5;ACIL BI GUNCELLEME GELSE IPTAL URUN EKLEME VS GIBI;Siparis iptal edemiyosun acil bi sey oluyo cikmak zorunda kaliyosun iptal yok;0
5;yorum;anlayışlı ve çok kibarlardı ikramlarıda oldu allah razı olsun;0
1;iğrenç uygulama;iğrenç uygulama iğrenç fiyatlar dünyanın en iğrenç uygulaması siparişi kaçta söylediğimi bile göremiyorum ne zaman söylediğimi anlamiyim ki gecikirse şikayet edecek nedenim olmasın diye uğraşmışlar kurye takip yok işe yaramayan bir canlı desteği var. HAYATIMDA BU KADAR APTAL BİR UYGULAMA GÖRMEDİM ÇALIŞANLARIN ÇOCUKLARINDAN ÇIKSIN YAPTIĞINIZ İ*NELİKLER YEMEKTEN BÖCEK ÇIKTI DİYORUM YARDIMCI OLAMIYORUM DİYOSUNUZ APTALLAR;0
1;İade sorun çıkarıyor;Burger king siparişimi getirmedi. Yemeksepeti üzerinden talep oluşturmak çok zor. Süreki bekletiyorlar.;0
2;Burger king;Burger kingten söylediğim menü eksik geldi şubeyi aramak istedim numara hatalıydı;0
1;OOOO HARAÇ HEMİ OE;"Haraç kesmeye de başlamış œ 
Bravo
Hizmet bedeli adı altında soygun
Sizi birdaha kullananın Allahı yok moruk";0
1;Diğer uygulamalar daha kaliteli;Tek artın reklamla öne çıkmak Migros trendyol ve getir daha başarılı;0
4;Kurye takibi çok önemli;Keşke her siparişte yola çıktı yaklaştı gibi bildirimler gelseydi ama bu sadece bazı siperler de oluyor hepsininde olsa hem kurye hem müşteri için çok güzel olur;0
1;Yalan reklam;Reklamda ormana bile getiriyorlardı,Sarıkamış’a getirmiyorlar.Diyeceklerim bu kadar;0
1;Sipariş sıkıntısı;Siparişin üzerinden 2 saat geçti müşteri temsilcisine sordum teslim edilmiş dedi ama benim uygulamada hala yolda gözüken bir sipariş vardı bunu söylediğimde size yardımcı olamam deyip görüşmeyi sonlandırdı resmen hem paramdan hem yemeğimden oldum ve uygulamayı sildim;0
1;Uygulama açılmıyor;Uygulamayı silip yükleyince açılıyor, sonrasında Y kalıyor uygulamaya giremiyorum.;1
5;Teşekkürler;Hizmetler çok güzel kolay gelsin başarılar dilerim;0
1;İADE SORUNU;market alışverişinde fıstık ezmesi siparişime yanlış ürün geldi ve iade talebime ret geldi. Yanlış ürün gönderip hiçbir bedel ödemeden işin içinden çıkabilmek hangi profesyonelliğe giriyor paramızı çöp etmek bu kadar kolay mı? Getir uygulamasında hiç böyle bir sıkıntı yaşamamıştım, yanlış ürün eve geldiğinde direk iade ediyorlar. Yemeksepeti bu işi yapamıyor.;0
1;Bitmiş bir sistem;Tarihi geçmiş bir et ürününü bana yolladılar. Telefon ile görüşme yok. Uygulamadan yazıyorum, yüzüme kapatıyorlar. Bozuk ürün elimde kaldı. Ulaşma imkanı yok. Başka uygulama yükleyin. Kazıklanmayın. Ben de artık kapatıyorum.;0
1;adam gibi iş yapın;kart bilgisi girdiğimiz halde tekrardan otomatik olarak kapıda ödeme seçeneğini seçiyor rezil uygulama;0
1;Kesinlikle Önermiyorum;"Uzun yıllardır aktif olarak kullandığım Yemeksepeti uygulamasını ne yazık ki artık önermiyorum. 19.00’da verdiğim bir sipariş, saat 22.45 olmasına rağmen hâlâ teslim edilmedi ve bu süreçte uygulama içinden hiçbir şekilde sağlıklı bir geri dönüş alamadım. Daha da önemlisi, siparişin iptalini talep ettiğimde para iadesi yapılmadı ve canlı destek hattındaki görevli, profesyonellikten tamamen uzak bir üslupla konuşarak beni mağdur etti.

Uygulamanın en temel sorunu, kullanıcılar sosyal medyadan bir paylaşım yapmadığı sürece çözüm üretmemesi. Uygulama üzerinden destek almak neredeyse imkânsız; bir sorun yaşadığınızda karşınızda muhatap bulamıyorsunuz. Ancak sosyal medya üzerinden kamuoyuna açık bir şikâyet yazıldığında, anında dönüş yapılıyor. Bu durum, kullanıcıların sorunlarının ciddiye alınmadığını ve yalnızca görünür olunca dikkate alındığını gösteriyor.

Her hizmeti fazlasıyla ödediğimiz bir dönemde, kullanıcıya ulaşılabilirlik ve doğru bilgilendirme sağlamak şirketlerin en temel sorumluluğu olmalıdır. Fakat burada, bir kuryenin dahi atanmadığını sosyal medya baskısı sonrasında öğrenebildim. Sipariş geç geliyor, iptal edilmiyor, iade yapılmıyor ve bunun üzerine yanlış yönlendirme ile kullanıcı hatalıymış gibi bir yaklaşım sergileniyor.

Bu yaşadığım süreç hem zaman kaybı hem de güven kaybı yarattığı için Yemeksepeti’ni artık tercih etmiyor ve kimseye de önermiyorum. Şirketin, kullanıcı memnuniyetini ön planda tutan bir hizmet yaklaşımına dönmesi gerektiğini düşünüyorum; aksi hâlde benzer mağduriyetlerin artması kaçınılmaz olacaktır.";0
1;İşleyişleri gereği;Sipariş verirsin sipariş eksik gelir ama hizmet bedelini tam alır. Tam bir soyguncu iletişleri var. Müşteri temsilcisi suratınıza sohbeti kapatır. Öteki işleyiş böyle yardım edemiyorum der. Gidin trenyolGo kullanın ben öyle yapacağım artık.;0
1;Marka imajının kötülüğü;Bence kötü bir markasınız bu kadar çalışanlarına değer vermeyen asılsız bir şey yazılsa bile hemen araştırmadan onu doğru kabul eden çalışan haklarını hiçe sayan müşteri müşteri diye çıldırmış bir marka daha görmedim ben burda kuryenize iftira niteliğinde bir şey yazsam onu da araştırmadan adamların ekmeğiyle oynarsınız siz;0
3;Tipping should be optional after delivery;"In general, app is good.
But I don’t really understand the point of asking for tips before the order is placed. The idea of tipping is to reward a rider for doing a good job. How can I know in advance whether the order will be delivered on time or without damage? I would prefer to have the option to give a tip after the order is delivered.
In some cases, it’s also impossible to reach customer support. The app keeps redirecting me to the FAQ and says the order will be delivered soon, even when it’s already marked as delivered.";0
1;Yemek sepetini sevmiyorum;Yemeği çok geç getiriyorlar. Extra fiyat ekliyorlar. Teslimat ücreti neden bu kadar pahalı? Extra 30 tl ne demek;0
1;Yetersiz;"Yanlış ürün iadesi yok bir şey yok her şey eski müşteri hizmetleri yetersiz diğer muadillerinin yanında bütün uygulamaları kullanıyorum tek sorun yaşadığım bu 
hesabımı bugün sildim bir daha açmamak üzere";0
1;Ödeme yöntemi seçin diyo;Siparişi tam vercem alta ödeme yöntemi seçin diyo ödeme seçenekleri yok;0
1;kupon sorunu;Hesabi yeni acmama ragmen kupon kullanacagim zaman hata veriyor tam sinir bozan bir uygulama gelistirilmesi lazim;0
1;Hayatımda gördüğüm en kötü işletme;Kesinlikle indirmenizi tavsiye etmiyorum bir sipariş vermek için 40 dakikadır uğraşıyorum ödeme kısmında hata çıkıyor sonradan fark ettim ki kupon kullanınca hata oluyor kuponsuz şekilde sipariş vermek isterseniz sorun olmuyor sözde kampanyalar yapıp gerçekliği olmayan boş bir uygulama;0
1;hata vermesi;sürekli olarak hata veriyor artik duzeltin;0
2;Güvenlik;Kullanıcı bilgileri hakkında gerekli ve yeterli güvenlik yok! Hesabım çalındı, yemekler sipariş verildi ve iptal ettiremedim. Bununla kalsa iyi hesabımı geri bile alamadım;0
1;ÇOK KÖTÜ SİPARİŞ BİLE VEREMEİYORUM;İnternetimde problem olmamasına rağmen sipariş verirken her defasında hata alıyorum ve uygulama çok kötü tavsiye etmiyorum indirmeyin;0
2;Sipariş;Sipariş veriyoruz online ödeme seçiyoruz bilgileri yazıyoruz onaylıyoruz aaa bir bakıyoruz kapıda ödeme seçilmiş. Belki 3 aydan fazladır var bu sorun düzeltmiyorsunuz.;0
5;Siparişim Hakkında;Siparişimi çok kısa sürede teslim eden Enes Beye teşekkürler;0
1;Bi şeyler ters gitti! Uyarısı;Yaklaşık iki aydır kullanmak istediğim her 10 seferden yaklaşık 8’inde “bi şeyler ters gitti!” Uyarısı alıyorum. Güncelleme yok, kapatıp açınca da durum değişmiyor. Bu nedir? Nasıl düzeltilir?;0
1;NEFRET EDİYORUM SİZDEN;Darmadağan olursunjz inşallah;0
1;Kupon;Kuponu ekliyorsunuz ödemeye gelince kayboluyor ve tüm parayı çekiyor siparişi iptal edeyim diyorsunuz izin vermiyor çok saçma iğrenç bir aplikasyon;0
1;Müşteri Mağduriyeti;Yemek sepeti müşterilerine destek sunmayan 1.5 saat gecikmiş siparişleri bile iptal ettirmeyen canlı yardıma bağlanmanıza izin vermeyen herkesi mağdur eden bir uygulamadır.;0
1;Sıkıntılı;1 kuryeye 3-4 siparişi tek seferde göndertiyorlar, yemeğiniz soğuk gelirse şaşırmayın;0
5;Acıktıysan yemek sepeti;Canımızın istediğini anında getiren güzellik;0
1;Bozuk ürünü iade almamaları;Market den aldığım ürünün küflü olduğunu 6 7 saat sonra fark ettim ama işlem kapanmıştı ne iade seçeneği sunuluyor ne de herhangi bir müşteri temsilcisi hizmeti var. Asla daha kullanmam;0
1;Yardım merkezi olmayan uygulama;Asla sorununuzu çözmüyorlar talepleri alakasız cevaplıyorlar eskiden müşteri odaklıydı şimdi satıcı odaklı teslim edilmeyen siparişi teslim edildi girdiler ne para iadesi yaptılar ne ürün geldi defalarca uğraştım hiç bir şekilde çözüm yok.;0
1;Kötü hizmet;Param çekildi ama sipariş oluşmadı. Ulaşabileceğimiz bir numara yok müşteri temsilci yok. Kısacası benim parayı cebe attılar. Polise şikayet etsen edilecek miktar değil etmesen durup dururken paran alıdn. Hayret bir şey ya.;0
2;Uygulama Açılmıyor;Uygulama Açılmıyor. Giriş ekranındaki logoda takılı kalıyor.;1
1;çok kötü teslimat;İki saattir pizza bekliyoruz ve her yarım saatte bir 5 dakika içinde teslim edileceğini söylüyorlar. Little Ceaser Pizza'dan sipariş verdik. Kesinlikle tavsiye etmiyorum.;0
1;verdiğim 1 puan haram zıkkım olsun;hiç şaşırtmıyor, çok istikrarlı bi şekilde insanları paralarıyla rezil ettiğiniz için teşekkürler 😊;0
5;Güzel;Sıcak ve güzeldi soğanıda tam ayarındaydı tavsiye ederim;0
5;Öneri;İsrail ürünlerini boykot edip satmasanız daha güzel kullanacam görmezsek almayız diye umuyorum.;0
5;Kampanya;Kampanyalar çok güzel oluyor;0
1;ÖDEME YAPAMIYORUM;Bir tane sipariş vericem bütün kartlarımı denedim hepsinde reddedildi uyarısı. Kart bilgilerini giriyorum güncelleniyor yine nakit ödeme olarak görünüyor rezil misiniz siz?;0
5;çok iyi;"ancak; gelmesi artık çok ızun sürüyor. bir de hizmet bedelini anlayamadım. pek mantıklı gelmedi.";0
1;Güncelleme hatası;Sipariş veremiyorum. Yardım merkezine yazmak istiyorum orda da sıkıntı yaşıyorum çözün lütfen artık şu sorunu..;0
5;Beğendim;Başarılı;0
5;Açıktıysan;İndirimleri güzel bu pahalılıkta daha iyi olabilir;0
1;Teslim süreleri çok uzun (Tuzla);Teslim süreleri çok uzun (Tuzla);0
1;Hiçbir şey yok;Rezalet bir uygualamanz var hiçbir kolaylığı yok aksine zorluğu var keşke reklama verdiğiniz paranın yarısını uygulamayı geliştirmeye verseniz;0
3;Uygulama 2. girmemde açılmıyor;Uygulama ya yükledikten sonra sadece 1 kere girebiliyorum 2. girmemde bekletiyor ve girmiyor telefon ıphone 7 ınternetim butun uygulamalarda çalışıyor;0
5;SÜPER UYGULAMA;Abi seviyoruz bu uygulamayı ya uygun güzel her bütçeye süper;0
1;E;Çok pahalı geliyo öğrenci olarak hiçbir faydası olmadı;0
1;Rezalet;Ne zaman yemeksepetinden sipariş versem mağdur oluyorum ürünler eksik muhatap bulamıyorsunuz birine ulaşsanız bile çat diye telefonu suratınıza kapatıyorlar çöp bir sistem;0
4;Yanlış sipariş;Milk Shake im ve kolam nerdeeee kurye kola yerine milkşeyk almışsınız dedi tamam dedim paketi açtım o da yok,uygulama içinde bildiremiyorum arıyorum açmıyorlar bende yedim mecburen;0
1;Uygulamaya giriş yapamıyorum sürekli hata veriyor tekrar deneyin diyor;.;0
5;Yemek Kartı;Bir çok restaurantlarda yemek kartları geçmiyor, kredi kartıyla ödeme yapmak durumunda kalıyoruz. İndirimlerin yemek kartlarında geçmemesi de ayrıca kötü;0
3;Açılmıyor logoda takılıyor ve indirim kuponları;"AÇILMAMA SORUNU;
Bir çok kişi karşılaşıyor özelliklede en çok eski telefonlarda oluyor uygulamayı açarken logoda kalıyor sil yükle yapmak zorunda kalıyorsun büyük zahmet sever kullanıyorum düzeltilirse güzel olur
Ve 
KUPON SORUNU;
bir beyaz yaka olarak yemek kartı kullanıyorum ve kuponların hiç biri yemek kartı için kullanılmıyor ye para birikiyor ama boşa birikiyor gibi bunda güzel ayar gelirse efsane olur bunu sadece kendi adıma değil bütün sorun yaşayanlar için detaylıca anlatmak istedim";0
1;İndirmeyin DOLANDIRICI;Kullandığım en kötü uygulama, müşteri hizmetlerine ulaşılamıyor hiçbir zaman DOLANDIRICISINIZ;0
5;İkram tavukçuluk;Kanatların pişimine  ve sosuna bayıldık;0
2;Bahşiş seçimi;Bir tek sefer nakit ödemeyi seçtikten sonra online ödemeye döndüğümde bahşiş veremez oldum. Bahşiş seçtikten sonra fiyatı güncelliyor, ancak ödeme yöntemi tekrar nakite dönüyor. Tekrar online ödeme seçince bahşiş seçilmemiş oluyor. Bu böyle sürüp gidiyor. Neticede bahşiş seçememiş oluyorum. Ödeme yöntemi değişikliğinde sorun var. Yardım seçeneği de yok, destek alamıyorum.;0
1;Uygulama berbat;Çok kötü bi uygulana asla işlevsel değil, kart bilgilerini yazıyorum onaylıyorum kendi kendine kart bilgilerini siliyor tekrar yazıyorum yine siliyor. Kupon kullanmak zaten hak getire. Trendyol bunları donunda sallar. 0 yıldız verme şansım olsa onu verirdim.;0
1;Rezalet;Ben böyle bir rezalet görmedim yemek sepeti üzerinden burger king den verdiğim sipariş tarafıma teslim edilmedi 2 buçuk saat oldu uygulama üzerinde sipariş durumum yolda görünüyor ama yemek sepeti canlı destekleri bana ısrarla restoranla görüştüklerini ve siparişimin teslim edildiğini söylüyor karttan paramı da çektiler siparişim de gelmedi resmen dolandırıcılık bir kusurla bakmayın özür dileriz bizim hatamız demek bile yok ısrarla siparişiniz sorunsuz bir şekilde teslim edildi diyor;0
1;Müşteri temsilcisi yok ve iade yapmıyorlar;Verdiğim sipariş 2 saat boyunca kuryede göründü ve kimseye ulaşamıyorsunuz aşırı saçma bildiğin çöküyorlar;0
4;Hizmet kalitesi;Bence eksilerek ilerliyor , büyük bir gelişim ve değişim gerekli …;0
5;Güncelleme;Güzel devamını yazıcam…;0
1;Açılmıyor!;Neden?!;0
3;Müşteri Hizmetleri Hk.;Müşteri hizmetlerine arama ile ulaşamıyor olmamız verimsiz.;0
1;Müşteri hizmeti yok;Sipariş veriyorum 1 buçuk saat geçiyor daha yola çıkmıyor iptal etmek istiyorum iptal etmiyor müşteri hizmeti yok sadece mail atılabiliyor bağlanmak istiyorum sipariş gelecek mi diye ne asistan var ne bi şey silicem uygulamayı bu kadar saçma bi uygulama olamaz. aynı restoran getir siparişinde 15 dkda getiriyor.;0
1;Açılmıyor;Uygulama açılmıyor pembe ekranda kalıyor silip tekrar yüklendiğinde açılıyor yazdan beri böyle düzeltmeyecekseniz ne işe yararsınız siz;0
5;Huy kırtarır;Heryerde;0
1;SİPARİŞLER EKSİK GELİYOR, İADE YERİNE KUPON ADI ALTINDA DOLANDIRICILIKLAR YAPIYORLAR.;BERBAT!! Sipariş veriyoruz. Eksik geliyor, eksik gelen ürünleri iade etmek yerine, kupon verip, kuponu her yerde kullandırtmıyorlar. Kupona tarih belirliyorlar.. Müşteri Temsilcisine zaten ulaşılmıyor. Rezillik..;0
1;Antalya belekte çalışmyan uygulama;Nedn bu  uygulama antalya belekte çalışmıyor ödeme secıyorum hiç bır ödeme yöntemini kabul etmıyor;0
1;3 saatlik rezalet;An itibariyle verdiğim sipariş 3 saati geçti hala teslim edilmedi. 1.saatten itibaren 3 ayrı temsilciyle görüştüm, yardımcı olmayı bırak hepsi dalga geçer gibi yanıt verdi. Tek talebim sipariş iptali olmasına rağmen yerine getirilmedi. Yemeksepeti gibi müşteriye destek olmak yerine mağdur eden firmalar yerine alternatif firmalar kullanın. Yürüyerek 10 dakika olan yerde 190 dakika oldu hala siparişim gelmedi, Yemeksepeti ise siparişimi iptal etmeme izin vermiyor;0
1;Ürün başına alınan komisyon tutarı fahis;Yemek sepeti üzerinden söylemiş olduğum siparişte ürün başına min 50 tl alınan komisyonu kiniyorum. Bu uygulamayi ebediyete kadar siliyorum, bu kadar haksız kazanç görmedim. Yazıklar olsun. Kullanmayın uygulamayi. Nereden alışveriş yapıyorsanız oradan telefonla söyleyin.;0
1;SİPARİŞ GELMEME;Sipariş ettiğim ürün gelmedi ve karşımda hiçbir muhattap bulamadım kesinlikle ulaşılamıyor;0
1;Canlı destek;Canlı destek yok berbat bir uygulama;0
5;MÜKEMMEL;MŪTİŞ. ÖTESİ.     LETTET DR. SÜPER. LURYELERİN. DİYALOGUDA. SŪPER;0
1;Giriş yapılamıyor;Uygulama pembe ekranda takılıp kalıyor. Öteye geçmiyor. Uygulamayı silip tekrar yüklediğinde açılıyor ancak kapattığında tekrar giriş yapamıyorsun. Kısırdöngü şeklinde devam ediyor. Koskoca firmaya yakışmıyor. Sipariş vereceğiz veremiyoruz. 😡;0
1;Çok kötü;Paranı iade etmiyorlar.;0
1;Pratiklik yok karmakarışık arayüz;Çok kullanışsız karmakarışık arayüz olmuş bir yemek siparişi vermek bu kadar zor olmamalı Adres eksik çıkıyor kuryeler bi garip sipariş teslim edildi seçiyor hala gelmemiş oluyor sistemi çok kötüleştirmişsiniz eskiden ne kadar pratik ve kullanışlıydı;0
1;Kullanışsız;Açık ara en kötü arayüze sahip yemek uygulaması;0
1;Tuketici memnuniyetini zerre umursamayan uygulama;Uygulama uzerinden hic bir sekilde bir yetkiliye, müşteri temsilcisine ulasilamiyor. Yaptiklari “yardim merkezinin” ise yaramazligi ile ilgili yuzlerce kez geribildirim verdik asla kaale alinmiyor. Kendilerine ulasamadigimiz icin siparis yorumlarina yaziyoruz, onlari da yayinlamiyorlar. 15+ senedir kullandigim uygulamadan artik cikiyorum. Her gecen gun daha da kotu hale geldi!!!;0
1;Servis İstemiyorum İşaretli Olması sorunu;Her siparişimde aynı şey hızlıca sipariş veriyorsanız servis istiyorum diye işaretlemeyi unutursanız yemeğiniz servis geliyor bence çok kötü bir kullanıcı deneyimi sunuluyor. Trendyol yemek vb uygulamalar servis kısmını işaretli gönderirken yemeksepeti sizi zor duruma sokuyor seçmeyi unutursanız yemeğinizi yiyebileceğiniz bir çatal kaşık gelmiyor.;0
1;Aşırı kötü iletişim;Canlı desteği müşterilerle ilgilenmesi o kadar kötü ki asla siparişle ilgili sorun olduğunda bir muhattap bulamıyorsunuz berbat;0
5;memnun kaldım;yıllar önce ilk kez yemek sepeti kullanırdım arayüzden ötürü getire geçmiştim ama şuan getirden daha iyiler memnun oldum;0
1;Kuponlar keyfe keder geçerli;İşlerine geldi gibi kupon kulandıryolar yemek söylicem kuponu kulanıyorum herşey tamam son aşamaya Geldimi kupon geçerli değil diyo;0
1;Hizmet bedeli ney;Her kuşu yediniz şimdi leylek mi kaldı. Zaten heryerden kar ediyonuz birde hizmet bedeli diye 5.90 ücret yansıyor. Devam ederse uygulamayı kaldıracağım. Dahada kullanmam. Utanmada kalmamış açgözlüler.;0
1;Açılmıyorr;Güncellemelerden sonra uygulama açılmıyor, Y harfinde takılıp kalıyor, uygulamayı silip tekrar yükledikten sonra tek seferlik açıyor. Mümkünse güncelleme yapmayın bir daha;2
1;İğrenç bir uygulama;İğrenç;0
1;Ç;Bir saatten fazla oldu sipariş hala kuryeye verilecek;0
1;Kötü;Kötü;0
1;Rezillik;Bu kadar rezil bu kadar kötü bu kadar insanı kandıran bir site daha yok.Dolandırıcı;0
1;Fiyat;Çok saçma ürün 280 tl yazıyor indirim yapılması. Gerekırken  sepete ekleyınce ürün 350 tl oluyor insanlarla dalga geçmeyin cok saçma;1
2;uygulama açılmıyor;uygulama telefonda açılmıyor sipariş vermem için sürekli silip yine indirmem gerekiyor;1
1;Uygulama açılmıyor;Son güncellemeden beri uygulama açılmıyor. Sil yeniden yükle yapılınca açabiliyoruz.;1
3;Fiyat;Belli bir limit üzeri yemek siparişi verildiğinde bir kaç kez indirim oranları olmalı  sadece zam var özel hissetmemize sebep yok;0
5;hızlı ve özverili;Şahsım adına ben memnunum;0
1;Sipariş iptali;Son iki siparişte iptal edildi ve nedeni yok kendi kafalarına göre iptal ediliyor;0
1;Rezalet bir uygulama yaziklar olsun;Cok kotu bir uygulama, hicbir seyiniz duzgun calismiyor. Odeme yontemlerini kafasina gore kabul etmiyor, sepete gidemiyor. Kazandiginiz her kurus para dolandiricilikla es deger;0
1;Rezil;Satildiktan sonra rezillesti asla kullanmam bu uygulamayi.;0
1;Rezalet müşteri memnuniyetsizliği;Eksik sipariş geliyor kupon tanımlıyoruz diyolar o kuponun kullanımı da bir hafta. Noldu bir hafta yemek almazsan parana yatıyorlar. Ayrıca kendi hatalarından kaynaklanan bir nedenden. Onuda geçtim eksik gelen ürünler yüzünden o anki yemeğindende oluyorsun. Örneğin kabartma tozun eksikse nasıl kek yapıcaksın?? Kesinlikle gerek yok.;0
5;Bravo;Kurulduğundan beri kullandığım tek beslenme adresim🤗;0
1;Bad and rude customer service;I contacted 3 different agents all of them had the same dumb templates that were useless, the only reason why i knew they were real is because they were rude when they closed the chat while i was talking and complaining, the things that they requested were silly, i told them i have a picture of my damaged order they wanted a live one, tho they didnt say that in advance, i advice you as a big firm to watch your unprofessional customer service and hire good ones not some rude people who dont know nothing about respect. Peace;0
1;Rezillik!!!;Bu kadar rezil bir uygulama nasıl olur inanmak istemiyorum. Yıllar geçti bir adım öteye gidememişsiniz. Yıllar sonra yine indirdim yine aynı rezillik. Bir ay dayanamadım siliyorum yine;0
2;Yemek;Uygulama açılırsa sipariş vereceğim. Ne zaman tıklasam kırmızı bir ekran 10 dakika bekle uygulama açmıyor. Sürekli diğer uygulamadan sipariş veriyorsun;2
1;Üye olma hatası;Var olan mailim ile de telefon numaram ile de asla kayıt olamadım. Giriş de tapamadım. Uygulamayı ihtiyacım doğrultusunda bu yüzden kullanamadım.;0
1;GEÇ TESLİM;Siparişimin 52.dksında 1 yıldızlı yorum atmaya geldim çünkü artık yiyemeyeceğim bir yemeği iptal etmek istediğimde kullanım dışı diyor. Eğer yemek sipariş ederseniz nolursa olsun iptal edemiyorsunuz ve paranız gasp ediliyor;0
1;Dünyanın en boş uygulaması;Getir, trendyolgo bundan daha iyi onları kullanın;0
1;GERİ ÖDEMEM GELMİYOR;BERBAT Bİ MÜŞTERİ HİZMETİ VERİYORLAR ÜRÜNLERİM HASARLI GELDİ AMA NE BİRİNE ULAŞABİLİYORUM NE DE Bİ NUMARA VAR SİPARİŞLERE giriyorum sipariş bulunmadı diye saçma bir uyarı veriyor lütfen iletişime geçilsin;0
1;Dolandırmak;İlk defa sipariş verecektim yeni kayıt olanlara özel kupon kullandım ödeme kısmına geçince uygulamadan attı tekrar girdiğimde kupon kullanılmış olarak gösteriyordu ve ben siparişi onaylamamıştım rezaletsiniz;0
1;MASTERPASSE GIREMIYORUM;USER ID HATASU VERIYOR YAPACAĞINIZ UYGULAMAYI;0
2;Uygulama acilmiyor. Ana ekranda kaliyor;Ayni seyi kacinci kez yasiyorum. Uygulama Y harfli pembe ekranda kaliyor her seferinde, asla acilmiyor. Yeniden yukluyorum calisiyor, sonra uygulamaya ikinci girisimde ayni seyi yasiyorum. 15 kere geri yukledim duzeltin artik;2
1;-;Eski yemek kartı silmek için işlem yapamıyorum böyle sacmalik görmedim arıyorum ulaşamıyorum bi daha kullanmam;0
1;Şikayet;Böyle bir uygulama görmedim sipariş verdim üç saattir siparisim gelmedi üstüne para iade de gerçekleşmedi siparişiniz teslim edildi diyor kodu verdiniz diyor bana kod bile gelmedi kullanmayın kullandırtmayın;0
1;Müşteri hizmetleri berbat.;"Müşteri hizmetleri berbat. Müşteri yardım istediğinde ""Size yardım edemeyiz"" diyen bir bot koysanız da aynı şey, bu temsilcilerden daha iyi. Ne demek ""kurye bizim değil, restoranın kuryesi, bu yüzden size yardım edemeyiz""? Ben restoranın uygulamasından değil, sizin uygulamanızdan sipariş verdim. Berbat.";0
1;leş uygulama;kendi kendine numara kullanılmakta demeye başladı ve bir daha sipariş veremedim. çöp;0
1;Sıfır Destek;Yıllardır, sık sık sipariş verdiğim siteydi. En son siparişimde teslim almadığım yemeği teslim edildi gösterip sonrasında iade süreci yazmasına rağmen süreçten dönüş olmamasıyla beraber müşteri hizmetleriyle olan saçma diyalogdan dolayı sizlerle olan tüm bağımı kesiyorum;0
1;Leş bir firma;Hiç bir şekilde kuryelerinin denetimi yok kafalarına göre hareket ediyorlar müşteri hizmetleri asla yardımcı olmuyor turuncu firmadan şaşmayın;0
1;.;.;0
1;Uyelik;Yani yeni bi hesap açtım yeni bi numara yeni bir mail ile bağladım turkcellin vermiş olduğu kuponu kullanmak istedim kuponu giriyorum yemek sepeti gelmiş bana diyor ki bu bilgileri baska bir hesapda kullanmışsındir diyo altı üstü bi indirim kuponu butun veriler yeni iken nasi oluyorda kullanılmış oluyor anlamadım o yüzden sahtekarlıkdan baska bise yok;1
1;Kurye zülmü;Yıllardır yemeksepeti kullancısıydım. Fakat son zamanlarda sosyal medyadan ve çevremden duyduğum kadarıyla kurye personellerine insanlık dışı bir çalışma ortamı sunmalarından dolayı yemeksepetini siliyorum. Yıllık 300’e yakın siparişim var. Yazıklar olsun böyle düzene. Emekçilere selam.;0
1;Gaspçılar;Yıl olmuş 2025 canlı destekleri yok. Kurye kafasına göre sipariş iptal ediyor. Firmadan da ulaşabilecek kimse yok bir de parama çöküyorlar.;2
3;Ödeme yöntemi seçimi;Eskiden ödeme yöntemi seçimi vardı ne güzel vakit kaybetmeden istediğini buluyordun. Şimdi sırf tüketici olarak pas geçmeden bütün seçenekleri görebilelim diye bu kaldırıldı, hoş değil;0
4;Maydonoz döner ❤️;Gecemize lezzet katınız gayet makul ve doyurucu ayrıca yazılan notada dikkat etmeniz çok mutlu etti :);0
5;Hizmet;Başkaların daha fazla maliyet ile sunduklarını daha uyguna sunması;0
1;saçmaaaaa;iğrenç bir uygulama iğrenç bir sistem size kupon veriyo kuponu geri alıyo ne kadar saçma;0
1;Kullanıcı Deneyimi Çok kötü;Uygulamada yazılımsal çok hata var, acilen düzeltilmeli. Ek olarak, müşteri hizmetlerine bağlanılamıyor kullanıcı deneyimi gitti.. Sipariş gelmiyor muhatap yok, iade olacak ya da eksik siparişlerde ulaşabilecek biri yok. Arayabileceğimiz bir numara vardı onuda biz kullanıcılar kullanamıyoruz. Eski halinize geri dönseniz keşke..;0
1;Destek hizmeti yada yardım merkezi berbat;Bir terslik olunca çözemiyorlar 😡😡;0
5;Hizmet;Çok iyi, teşekkür ederim.;0
1;Uygulama hakkında,;Malesef uygulamanız ilk seferden sonra bir daha açılmıyor.Her seferinde uygulamayı app’tan yeniden indirmek zorunda kalıyoruz;1
2;kuryeler evi bulamiyo;kuryeler konum atmama ragmen evi bulamiyor;0
1;Berbat;Çok kötü;0
1;Sipariş teslim edildi gözüküp başka adrese bırakılmış;Verdiğim sipariş başka adrese bırakılmış benimle iletişime geçilmemiş müşteri hizmetleri mesajlaşmadan ibaret ve tek dediği aksiyon alamıyorum muhatap arıyoruz muhatap yok böyle bir rezillik yok kesinlikle kullanmayın karşınızda müşteri hakkını savunacak bir uygulama yok tamamiyle bomboş uygulama olarak kendilerini mağduriyeti takip edeceğine yardımcı olmadan görüşme sonlandıracak kadar amatörler hizmet bedeline gelince önden peşin alıyorlar kesinlikle ve kesinlikle tavsiye etmiyorum;0
1;Sallamasyon market hizmeti;Ne zaman market siparisi versem olmayan urunler yerine kafalarina gore baska urun koyup gonderiyorlar. Her siparis ya eksik ya farkli. İnanilmaz kotuler. Zile basmayi secersin her seferinde basasi gelir kurye arkadasin. Sildim kurtuldum;0
1;Berbat uygulama;Dünyanın gelmiş geçmiş en kötü yemek sipariş etme uygulaması gram güzel değil gidin başka uygulamalardan söyleyin daha iyi bu yorumu gören varsa yüklemesin değmez;0
1;İğrenç.;Bu uygulamadan bütün benliğimle nefret ediyorum.;0
1;Rezalet;Müşteri temsilcisine ulaşılmıyor para iadesi yapılmıyor.;0
1;Getirilmeyen yada eksik siparişler;Para iadesi asla yapılamıyor.;0
1;!!;bir saat boyunca numara yenilemeye calıstım fakat bana TEKRAR numaranız daha önce kullanılmıştır sayfası veriyor lütfen bu durumu çözebilir misiniz!!!;0
1;Açılmıyor;Son güncellemeden sonra Açılmıyor uygulama;1
1;Parama çöküldü;Yemeksepeti canlı hizmetine ulaşmak sanki cumhurbaşkanına ulaşmak gibi bir şey Siparişim gelmedi restoran beni arıyor iptal edin diye ama iptal etme yok birde onay vermişler yemeği ilettik diye. Ne yemeğim geldi ne param Trendyoldan devam ne mutlu trendyol kullanıyorum diyene;0
1;Taze soğan;Arkadaşlar sakın yemek sepetinden meyve sebze almayın, kaçtır yeşil soğan istiyorum her seferinde ellerinde çürümeye yüz tutmuş, kart kötü yeşil soğanı gönderiyorlar. Nasıl olsa biz seçmiyoruz onlar kafasına göre gönderiyorlarya, bunu fırsat biliyorlar. Daha önce de portakal aldım içi yumuşamış portakal gönderdiler. Yahu hem markete göre pahalı satıyorsunuz hem üstümüzden para kazanıyorsunuz üstüne birde kazıklanıyorsunuz.;1
5;Tebrik;Teşekkür ederim;0
1;?!?;Sipariş vermek bu kadar zor olmamalı. Ödeme ekranına asla geçilmiyor!!!;0
1;Kurye;Kuryem evi bulamadı 1 saat oldu nerde bilmiyorum ve cok açım;0
1;Uygulama açılmıyor;Güncelleme geldikçe bozuldu uygulama 3 aydır telefondan açamıyorum.;1
1;Kullanmayın;Sevgili arkadaşlarım ve sevgili büyüklerim bu uygulama yazılımsal olarak sadece kar amaçlı berbat bir yazllımdır yardkm seçeneği asla yardım istediğin konuya ulaşmama yardım etmiyor iptal edemiyorum kapalı restoranlardansiparişlerimi ve ayrıca kapalı restoranlar açık gibi gözüküyor tavsiyem getir yemek tir iyi günler saygılar…;0
5;süper;süper bişi;0
1;👎🏼;👎🏼 Uyğulam açılmıyor bu nasıl bir şey ya şunu düzeltin yemek söylemek için girdim de silip geri yüklüyorum uygulama açılsın diye bu kadar zor değil yani bunu düzeltecek;1
1;yemek siparişi vermeyin;yemek siparişi vermeyin hiç ilgilemiyolar paketiniz başka yere bırakıyolar müşteri hizmetleri geri dönüş sağlayamıyor;0
1;Çok kötü;Bu gün 2 saat süre içerisinde gelecek şekilde sipariş derdim Carfur sa dan 3 saat geçti siparişim gelmediği için hayliyle bizde acıktığımız için siparişi iptal ettim bu kadar keyfi bir durum olamaz madem getirmiyorsunuz neden sipariş alıyorsunuz insanları mağdur etmek hoşunuzamı gidiyor terbiye yoksunları;0
1;Çok kötü;Rezalet bir uygulama sürekli hata veriyor çok saçma bir saat uğraşıyoruz;0
3;Kalite farkı;Çalıştığınız firmaların şubelerinde yediğimiz yemekler ile yemek sepeti uygulaması üzerinden gönderilen yemekler arasında ciddi farklılıklar var.Firmaları bu konuda uyarırsanız çok iyi olur.;0
1;Muhatap bulamıyorsun;Müşteri hizmetleri yok, yemek sipariş ediyorsun bir saat bekliyorsun, bir mesaj geliyor sipariş iptal edildi diye. Ne bir özür ne bir mağduriyet giderme çabası;0
1;Yazık;"Restoranlarda komisyon kestikleri için restoranlar normalde sattıklarını daha yüksek fiyatlara yemekleri satıyorlar. Bu normal buna bir şey demiyorum. Fakat hizmet bedeli diye bir şey çıkardılar, bir de bizden hizmet bedeli almaya başladılar.Kendilerini vazgeçilmez gördükleri için pişkinlikleri iyice arttı. Eskiden online canlı yardım vardı şimdi robotik bir cevaplama sistemine geçtiler ve asla istediğimiz cevapları alamıyoruz. En son yaşadığım olay da çıldırma noktasına geldim. Sipariş verdiğim ürün eksik geldi ve ben de iade ettim. Kurye arkadaş yanımda siparişi iptal etmek için ugrasirken müşteri hizmetleri ona “ya sanane sen ne uğraşıyorsun, bırak siparişi müşteri kendi uğraşsın.” cümlelerini kurdular.
O anda anladım ki biz bunlar için denizdeki balıklarız bunlar bizi sazan gibi avlıyor. Canlı yardımı kapatıp robotik cevaplama sisteme geçme sebepleri de memnun olmadığınız bir siparişten uğraşmamanız için yıldırma politikası.
Tiksindim ve hesabımı sildim.";0
1;Herşeyi paraya vurmaları;Her uygulama gibi burda da en önemli şey para olmuş kapıda ödemeye bile para kesiliyor büyük şaçmalık;0
1;Rezilsiniz;Uygulama önce hata verdi ödeme yöntemini değiştiriniz diye her değiştirdiğimde bana başarısız olarak gösterilsede siparişler alınmış ve bu siparişleri iptal edemiyorum şirketi arıyorum müşterileri için bir hatları bile yok yardım destek hattı hiçbir işe yaramıyor çünkü iptal ettirtmiyor bana yardımcı olacak bir yetkili bile bulamadım rezilsiniz.;0
1;Yardımcı olun;Ya uygulamada şu 1 aydır bi sıkıntı var ben iphone 7 kullanıyorum uygulama ilk indirdiğiniz gibi açılıyor sonra daha da açılmıyor silip tekrar yüklüyorsunuz sorunu çözün lütfen yemek aiparişi veremiyorum;0
1;Siparişim gelmedi;"Duyuyo’dan sipariş verdim, saatlerdir bekliyorum.
Şikayet edebileceğim ya da konuşabileceğim hiçbir yetkili yok.
Sistemde restoranın numarası yazıyor ama o numara da kapalı.";0
1;Uygulama açılmıyor;Uygulamaya giriş yapamıyorum güncellediğimden beri 2 haftadır. Eski telefon kullanıyorum o yüzden mi;0
1;REZALET;REZALET SİPARİŞİ KENDİLERİ GECİKTİRİP İPTAL ETTİRMİYOR ÜSTÜNE CANLI DESTEK YOK YEMEKSEPETİ TAM BİR PARA TUZAĞI KULLANMAYIN KULLANDIRTMAYIN;0
1;Aşırı bozdu;En severek kullandığım ve herkese övdüğüm neredeyse her gün sipariş verdiğim yerdi kararları kim veriyorsa acayip değişti ne müşteri temsilcisine ulaşabiliyorsun mağduriyetiniz asla giderilmiyor adeta sizi kandırmaya kazıklamaya çalışan bir uygulamaya döndü ve bugün sildim;0
1;Sürekli hata veriyor;Ödeme yaparken uygulamada gezinirken herhangi bir şey yaparken sürekli hata veriyor uygulama vasat halde düzeltin şunu bi zahmet;0
1;Çok kötü bir uygulama;Bukadar ulaşılmaz müşteri hizmetleri olamaz kesinlikle ne yemek sepetine nede sipariş verdiğin restorana ulaşamıyorsun kesinlikle indirmeyin 1 yıldızı bile hakketmiyor;0
1;Uygulama erişim;Uygulamaya giremiyorum silip tekrar yüklüyorum ilk giriş tamam ikincide yine giremiyorum;0
1;Eskisi gibi değil;5bin tl lik sipariş veriyorsun. Hala 2. Siparişi alıp oraya ugruyo fln kesinlikle kullanmanızı önermem;0
1;Rezalet;Sodexodan paramı çektiler ama siparişi iptal ettiler paramıda geri ödemiyorlar rezalet bi uygulamaya dönüştü artık bence komple kapadın gidin.;0
1;Berbat uygulama;Sürekli sorun yaşatan bir platform, ürün ya çok geç gelir ya hiç gelmez. Verdiğim sipariş teslim edildi görünüyor ürün bana ulaşmadı yardım merkezine yazdım bir gün sonra “ürün teslim edildi görünüyor bu yüzden bir aksiyon alamıyoruz.” Diye sonlandırdılar param da gitti ürün de gelmedi kime hakkım geçtiyse helal etmiyorum gördüğüm en kötü yemek uygulaması komple siliyorum.;0
1;En sonunda uygulamayı silecegim;Neden ısrarla- online ödeme şeçtigim halde , kapıda ödemeye yönlendiriyorsunuz ısrarlaaa ama fazla para aldıgınız içinmi ısrarla kapıda ödeme alıyorsunuz. Ne gibi cıkarınız var daha 😡. Trendyolda böyle şeyler yaşamıyoruz.;0
1;Şikayet;Nasıl bir iğrenç uygulama bu yemek sepeti market ya hiçbir şekilde ulaşılamıyor canlı destek yok siparişler 1 buçuk 2 saatte geliyor kapatın gidin ya insanları neden mağdur ediyorsunuz;0
1;Berbat şirket, berbat uygulama;Canlı yardıma 2 saatte anca ulaşırsınız, ulaştığınızda da suratınıza kaptırlar, böyle müşteri memnuniyetinden uzaklaşan bir şirket daha görmedim;0
1;B;Uygulama açılmıyor;0
1;EN KÖTÜ SİPARİŞ UYGULAMASI;Yemek sipariş Uygulamaları arasında en kötü olan uygulama kesimlikle yemeksepeti. Yemek siparişi verdim 1.30 saat oldu gelmedi ne canlı destek var ne siparişimi iptal edebiliyorum ne muhatap bulabiliyorum. Öncelikli sipariş için fazladan para istiyorlar parayı vermeyince buz gibi yemek yemye hazır olun;0
1;Sipariş sorunu;Sürekli sipariş saatini değiştiriyor sistem ve siparişler eksik geliyor nedenini sorduğumda cevap alamıyorum bazen müşteri temsilcisine ulaşamıyorum bazen 2-3 saat bekletiyorlar kafalarına göre siparişi iptal ediyorlar kuryeler geldik yoktunuz diyorlar siteye girmemişler ve teslim edildiyi işaretliyorlar para çöp oluyor;0
1;Para iadesi;Uzun süredir aktif olarak uygulamayı kullanıyorum. Verdiğim siparişte gelen ürünle alakalı ciddi sorun yaşadım. 400 tl param çöp oldu. Para iadesi istedim yardımcı olamıyoruz dedi. O zaman bu uygulamayı kullanmanın ne özelliği kaldı?;0
1;Berbat bir uygulana;Adres düzenlemek bu kadar zor olamaz.;0
5;Keyifli;Güler yüzlü ve hızlı kargo için teşekkür ederim mezeleri anlatmaya gerek yok hepsi birbirinden lezzetli rakı ile birlikte harika gidiyor kesinlikle tavsiye ediyorum şimdiden afiyet olsun;0
5;Çok yararlı uygulama;Çok güzel çok yararlı ve indirimleri çok iyi  ve arayüzü çok kolay güzel bir uygulama;0
5;Başarıllllııııı;kullanıcıya özel indirimleri çok iyi jokerle uyguna yemekte yiyebilirsiniz kullanıcı dostu arayüzü de var eksik olduğunda canlı destekte yardımcı oluyor express kuryeleri 10 dakikada getiriyor siparişleri daha ne olsun teşekkürler yemeksepeti;0
1;Ödeme yönetimi sorunlu;Kaç senedir kullanırım artık bıktırdı kart kaydetmeden alışverişte 3-4 defa aynı işlemi yapmak gerekiyor ki kartı görsün ve bu esnada varsa kupon hakkınızı maksimum kullanım hakkınıza ulaştınız deyip atıyor sildim uygulamayı;0
2;Siparişler eksik geliyor ilhilenilmiyor;Verdiğimiz siparişler eksik geliyor iki kişi yemek söyleyip aç kalıyoruz ilgilenen yok bu ne rezillik;0
1;Nasıl berbat yaparız diye düşünülmüş gibi;O kadar berbat bir uygulama ki sipariş vereceğiniz sırada sürekli başka yerlerden Pop up çıkıyor;0
1;SİPARİŞ HEP GEÇ GELİYOR;Şimdi dicekler ki kuryeyle alakalı bir durum abi o zaman iptal ettirin ben 00:57 de yemek söyledim 15-30 dk diyordu saat şuan 01:46 ve şuan da 01:45-02:00 diyor şikayet de edemiyorum ne kuryeyi ne yemek sepetini hakkım hepinize zehir zıkkım olsun burnunuzdan gelsin;0
1;Ben ben;Hatay uzulu 45cm zurna istedim geldi ama yiyemedim😱😡😨;0
3;Uygulama arayüz;Uygulama güzel ama Trendyol gibi daha canlı renkler yazı stili vs kullanılsa daha iyi olur bence biraz silik kalıyor uygulama estetiği;0
5;Fani;Gerçekten iyi ve yararlı bir Uygulama ne zaman hanımla kavga etsek bu uygulamaya başvuruyorum 😀;0
1;Kupon kodlarımı yaktı;İki kere indirim kuponumu yaktı kodlarım geçerli olduğu halde 550 tl lik anlaşmalı kuponlarımı yaktı. Kupon kullandırmak istemiyorsunuz neden kupon butonu yerleştirdiniz. İlk kupon kodumu girdiğimde onay verip ödeme esnasında alışveriş gerçekleşmediği halde kuponu yine kullandırmadı rezalet;0
5;Ödeme yöntemi;Müşteri ödeme yöntemini seçip uygun olan restoran ları listeleyebilmeli.Mesela multinet yazıp anlaşmalı her restoran çıkmalı;0
1;Sistem numarası;Bence artık restorantların numaraları doğru girilmeli sisteme. 1 saat olup gelmeyen yemek şirketlerini aramak hakkımız. Ayrıca dijital yardım alanlarınız zayıf;0
1;Sorun;Uygulamaya bir türlü giriş yapamıyorum sürekli silip tekrar tekrar yüklemek zorunda kalıyorum;1
1;Can Sıkıcı;Açıkçası sıklıkla kullandığım ve genellikle kullandığım bir hizmet fakat sipariş verdiğim saati, sipariş verdikten sonra hızlı bir şekilde göremiyorum. Bin takla atmam gerekiyor. Bu düzelmediği sürece 1 yıldız olacak benim için.;0
1;Şikayet;Sipariş teslim edilmiyo para çekiliyo bu durumlada yapay zeka ilgileniyo;0
1;Muhatap bulamıyorsunuz;Yazık;0
1;Uygulama açılmıyor;Kaçıncı kere silip geri yükledim bilmiyorum berbat bi uygulama oldu artık, açmıyor sayfayı silip geri yüklemem gerekiyor her gün, sorun neyse çözülsün artık;1
1;iPhone 7 açılmıyor+ müşteri hizmetleri;"Sayın yetkili 
Yorumları okumaktayım bir sürü insan uygulamanın açılmadığından yakınmakta ve hala bir çözüme ulaştırmadınız çeyrek asırlık bir şirket ve uygulaması nasıl olurda akıllı telefonda açılmaz hayret bir şey bir türlü düzeltemiyorsunuz yazdığımız halde ayrıca müşteri hizmetlerini hiçbir çözüm sunmuyor yanlış gelen ürünleri doğru gönderildi diyorlar ya anlama kıtlığı var ya da işinize gelmiyor";2
1;Uygulama Çalışmıyor;Son 2 güncellemeden bu yana uygulanız logo ekranında takılıyor ve açılmıyor. Uygulamanız tek kelime ile rezalet ve silmek durumunda kaldım.;1
3;Ugrastiriyor;acilmiyor her yukleyiste max bir siparis verdbiliyorum acilmiyor cunku;1
5;Yemek sepeti rezalet;Uyguluma ücretsizdi yeni güncellemeyle her sipariş başına hizmet bedeli alacak iptal olan yanlış gelen eksik gelen siparişlerde bişey yapmıyorsunuz müşteri hizmetlerine ulaşmak zor iş ulaşsak işimizi gören yok bide hizmet bedeli mi alıcaksınız;0
1;Bir buçuk saat beklemek isterseniz sipariş verebilirsiniz;Yemek sepeti market benim için bitmiştir her seferinde aynı olay herşeye para katıp komisyon alıyorsunuz yetmez gibi birde parayla öncelik tanınıyorsunuz paranız varsa 15 dakikaya gelir yoksa bir buçuk saat beklersiniz siliyorum artık sondu trendyol go dan devam;0
4;İndirim kuponları;Keşke indirim kuponlarını yemek kartları içinde kullanabilsek;0
1;Siparişini iptal edemezsin;Siparişin 1 saatin sonunda gelmediyse bile iptal hakkın olmuyor. Haberin olsun :D;0
1;Aa;Yazıklar olsun size;0
1;İade vermiyor hırsız;İade için iade kuponu verdi ama kullandırmıyor sistemden siliyor. Sizin gibi şirketin umarım en yakın zamanda batmanız dileğiyle hırsız soysuz onjnki bununki;0
1;SİPARİŞ VERMEYİN;asla ama asla kullanılacak bi uygulama değil! Migros yemek ve trendyolun tırnağı olamaz kuryeleri zaten sıkıntılı, azıcık zeka sahibi insan yemeksepeti kullanmaz bana göre;0
1;Rezalet diğer alternatiflere geçin;Berbat, kart eklemesi yok kullanışlı değil saçma bir salak halde uygulama. Bir daha da yarrrrrrrrak kullanırım;0
1;Rezalet;Komagene isimli firmadan sipariş verdim siparişim tam 2 saat sonra iptal edildi bu terbiyesizliği şikayet edebileceğin bir yer yok müşteri temsilcisi yüzüme telefon kapattı;0
5;Kurye;"Kuryeleriniz bazen fazla teslimat alıyorlar 
Yemek buz gibi geliyor 
Bunun önüne geçemezseniz siparişlerimi azaltmayı düşünüyorum";0
1;Bad Assitance 0/10;The assistance is disappointing, we choose yemeksepeti over other apps because we understand sometimes the problem is from the restaurant but this time the problem is from you guys, and unfortunately this what happens when you have bad assistance you loose and a customer which is me, and I believe many more and I’ll go with Getir or something;0
1;Müşteriye köpek muamelesi;15-30 dakika arası gösteren restoranın 1.5 saat geçmesine rağmen iptal ettirmemeleri sadece bekleyeceğim seçeneği koymaları “köpek gibi beklemek zorundasına” getiriyor konuyu daha da kullanmayı düşünmüyorum;0
2;??;Nedense Yemeksepeti kuryesi veya restoran kuryeleri kapıda ödemeyi seçince evimi bulamıyorlar,ancak online ödemeyi seçince beni aramıyorlar bile direkt buluyorlar;0
1;1 saatten önce sipariş gelmiyor;Yemek siparişleri artık çok geç geliyor ve soğuk geliyor. Yardım merkezi iptal etmek istediğinizde de sizi oyalıyor. Kesinlikle diğer uygulamaları kullanın çok daha hızlı ve ilgililer.;0
1;Ek ücret alınıyor;Her siparişte teslimat ücreti + hizmet bedeli altında ek ücret veriyorsunuz. Hizmet bedeli denilen şey nedir ? Zaten teslimat ücreti alıyorsunuz. İnsanların cebine gözünüzü dikmeyin artık;0
1;Saçmalamaya başaladığı son nokta;Bu kadar saçma bir işletme olamaz sildim Birdaha yüklemem;0
1;ALLAH BELANIZI VERSİN TACİZCİ ŞİRKETİ;BEN HAYATIMDA BU KADAR AŞŞAĞILIK BİR DURUM GÖRMEDİM 🙏🏼;0
5;Güzel;Bayadır kullanmıyordum kupon için teşekkürler, uygulama da güzelleşmiş;0
1;Teslim süresi;Teslim süresi 15 dakika diyor, 2 saati bulabiliyor. Teslim ücreti aşırı yüksek. Mecbur olmasam asla kullanmayacağım bir uygulama.;0
1;Kullanmayın hizmet kalitesi yerlerde;Verdiğim siparişi başkasına teslim edip ikramımız olsun deyip sonrasında ücret iadesi talep ettim fakat iadesi yapılmadı 15 gündür;0
1;Sakın Mersin’de popeyes yemeyin hep yanlış geliyo aradığınızdada açmıyorlar;😡😡😡😡;0
5;Mükemmel;Başarılı 👍;0
5;Uygulama;Memnunum yemek sepeti uygulamasından;0
2;Ödeme yöntemini kabul etmiyor;Sürekli kartımı içinde bakiye olmasına rağmen reddedildi diyor ve hiç bir kartımı kabul etmiyor ödeme yapamıyorum destek istiyorum;0
1;Müşteri temsilcisi;Arkadaşlar uygulamayı kullanmayın yemeğiniz iptal ediliyor ve 1 saat sonra haber veriliyor ve müşteri temsilcisine bağlanılamıyor REZALET;0
5;Teşekkür;İbrahim beye teşekkür ederiz;0
1;Kupon;Kuponu kullanmadığım halde kuponum gitti;0
1;Berbat Müşteri Hizmetleri;Teslim edildi olarak görünen fakat teslim edilmeyen bir siparişi müşteri hizmetlerine iletebilmek için 10 dakika beklemem gerektiğini görmek bardağı taşıran son damla oldu. Zaten berbat UI/UX'i ile çok uzun zamandır silinmeyi hak etmişti;0
5;Başarılı;Yıllardır hizmet alıyorum, yorumları okuyarak yaptığım tercihler hiç şaşmadı. Sağolun.;1
1;Teknik Sorun;Uygulama ilk girişten sonra Yemek Sepeti logosunda takılı kalıyor. İndirip silmek zorunda kalıyorum . Kullandığım cihaz “iphone 7”.;0
5;Ekleristanın yemek sepetinin hangi bayisi ise harikaydı ellerine sağlık tazeydiler;Hiç bayat yoktu hep rabet olanları göndermişlerdi teşekkür ederim;0
1;Yemek sepeti bitmiş;Yıllardır kullandığım uygulamaya bugün veda ediyorum.Böyle bir rezalet yok ya.;0
1;Trendyoldan devam edin;Rezalet bir uygulama arayüzü var . Sipariş ile ilgili canlı destek bile yok;0
1;Canlı destek olmaması;Koskoca firma canlı desteğe bağlanmak için ıkındırıyor resmen. İsteseniz de bağlanamıyorsunuz. Böyle saçma bir şey olabilir mi? Rakip firmalarınız anında canlı destek sağlarken siz neyinize güvenip canlı desteğinizi kaldırdınız çok merak ediyorum. Sadece mail ile ulaşılıyor o da 2 günde cevaplanıyor komedi resmen. Böyle giderse çok müşteri kaybedersiniz emin olun köklü olmanıza güvenmeyin derim.;0
1;rezalet;"gercekten rezalet siparisim teslim edilmiyor nedenini
bilmiyorum iptal etmek icin dakikalarca ugrasiyorum 19.40’da verdigim siparisin iadesi 21.05’te gerceklesiyor. hayatimda daha kotu bir online siparis denryimi yasamamistim. paramin iadesinin de kartima ne zaman gelecegi belli degil. dogru duzgun bir musteri hizmetleri hatti dahi yok.";0
1;Uzak durun;Ürünler çok geç geliyor yardımcı olan kimse yok rezil uygulama;0
1;Uygulama neden açılmıyor Aloooo;AÇILMIYOR ALOOO;0
1;Uygulama Problemi;Uygulama çok yavaş ve hatalar mevcut.;0
1;Dolandırıcılık;Usta Dönerciden Döner sipariş ettik elimize ulaşmamasına rağmen teslim edildi denildi ve verilen numaraya ulaşılamıyor Yemek Bize Ulaşmadı.;0
1;En kötü müşteri ilişkileri;Hizmet kalitesini arttırma adı altında hizmet bedeli alıyorsunuz ancak yemek sepetinin müşteri hizmetlerine ulaşmak kadar zor bir şey yok. Uygulama içinde anında canlı desteğe bağlanamıyoruz. İnternetteki müşteri hizmeti numaralarına bağlanmak saatler alıyor. Müşteri temsilcisi ile görüşmek için mail atmak hangi devirde kaldı 2025 yılında yaşıyoruz. Hizmet kalitesini arttırmak için hizmet bedeli alıyorsunuz ama defalarca sparişlerim farklı market ve restoranlar tarafından iptal edildi satıcının elinde ürün kalmadığı için. Zaten fiyatlar online spariş olduğu için normalden daha yüksek bir de üstüne hiçkimse ürün listesini güncel tutmuyor. Sparişi onaylamadan kontrol etmiyor. 30 dk siparişimi bekledikten sonra iptal ediliyor. Ve ben HALA MÜŞTERİ TEMSİLCİSİ İLE BİLE GÖRÜŞEMİYORUM. Gördüğüm en kötü müşteri ilişkilerine sahip olan firma yemeksepeti.;0
1;Sorun çözememe;Bir problem yaşandığında muhatap bulamıyorsunuz. Müşteri hizmetleri numarası yok, uygulama içinden sadece otomatik cevaplar veriliyor. Hiç yardımcı olmuyorlar, birden fazla kez mağdur etti ne yazık ki.;0
5;Rezalet;Berbat uygulama restoranlarda eksik gönderme olabilir ama uygulamanın hemen çözmesi gerekir asla bir muhatap bulamıyorsunuz gidin getir veya trendyoldan söyleyin rezalet bir uygulama üstte gözüksün diye 5 verdim;0
1;Rezalet canlı destek;Canlı destek bir facia 2 saatten uzun süredir teslim edilmemiş ürünü teslim almam gerektiği söyleniyor bütün işletmelerin telefonları Google da mevcut Ordan ararım en azından muhatabım olur i.;0
1;Siliyorum;Bir yemek arıyoruz alakalı alakasız restoranlar listeleniyor. Kumru yazıyorum kebapçı dükkanları çıkıyor. Ben restoran değil yemek aramak istiyorum ne berbat uygulamasınız siz yaa. Siliyorum artık kullanmayacağım. Alternatifiniz çok.;0
1;Kullanış 0;Online ödeme yapcaklar için zulüm bi uygulama tercih etmem kuponda kullanılmıyo rezalet bi uygulama;0
5;Yaşadığım yere yemek sepeti hizmeti verilmiyor. Biraz Daha yaygınlaşmalı hizmet.;Silivri çanta Balaban mahallesi Balaban Çeşme caddesi yedikule Sokak ta yaşıyorum. Buraya hizmet gelmiyor ne yazık ki.;0
1;İOS TA FOTOĞRAF SEÇME SORUNU;Sipariş ettiğim yemeğin yanında eksik gelen sosu yardım merkezine gönderemiyorum neymiş İOS sisteminde galeri seçeneği bulunmadığından anlık fotoğraf çekmem gerekiyormuş. Aldığım siparişin uygulama üzerinden teslim oldu gözükmesi 30 dakkayı bulduğu için hemen yardım merkeziylede konuşamadım. Birdaha da kullanmam sorun olduğunda iade alamayabilirsiniz ona göre kullanın.;0
1;Hesabımı sildim ve yeni hesap açamıyorum;Hesabımı sildim yeni hesap oluşturmak istedim bir sorun oluştu diyor,hiçbir şekilde üyelik oluşturamıyorum.REZİLLİK!;0
5;Yemeksepeti;Getirde  özellikle son bu birkaç siparişimiz çok sıkıntı yaşıyoruz hep eksik ve yanlış ürünleri getiriyorlar ve üstüne de parayı iadesi de yapmıyorlar o yüzden yemeksepeti’ni kullanmaya başlayacağım;0
1;kullanmayın;gönderilmeyen ürün için para çekip iade yapmadılar hırsızlar;0
1;Rezalet;Başına buyruk. İstediği siparişi istediği zaman iptal eder ama sana iptal etme hakkı tanımaz. Üzerine iptal ettiği siparişin parasını bile sana iade etmez kendi uygulamasında cüzdana atar oradan harcamak zorundasındır bu da bir nevi hırsızlıktır. Rezilliği ötesinde!;0
1;İletişim yok;Müşteri hizmetlerine ulaşamıyorsunuz siparişiniz çok geç gelse bile kimseyle iletişime geçemiyorsunuz. Sipariş iptali de yapmıyorlar artık genelde.;0
5;Yardım merkezi;Yardım merkezi eskisi gibi değil pek yardımcı olmuyor ama yinede diğer firmalara göre çok iyisiniz;0
1;HATA;Uzun zamandır ödeme kısmında hata var kartı ekliyorum online ödemeden bir anda kapıda diye değişiyor 1 saattir sipariş vermeye çalışıyorum beklenmeyen bir hata oluştu diyor iyice berbat bir hâle geldi uygulama lütfen dikkate alınsın...;0
4;Sipariş iptali;Her şey güzel ancak bazen o kötü yemekler geliyor ki ya da içeriği eksik yenilmiyor tatlarından verdiğimiz onca para çöp oluyor. Beğenmediğimiz (tuzsuz falan bahsetmiyorum) bayat içeriği eksik kötü yemeklerin iadesi yapılabilmeli. Bir kere daha böyle bir şeye denk gelirsem artık uygulamayı kullanmayacağım;0
3;Servis;Ürünler turuncu renkli firmadan çok daha yavaş geliyor soğuk geliyor indiriminiz fazla olabilir fakat çok soğuk geliyor artık;0
1;Cüzdana iade;Sistem daha önce cüzdana iade kapalıyken bir anda aktif hale gelmiş. İade sonrasında parayı insanlara iade etmek yerine kendileri kullanıyor akılları sıra. kalitesiz hareket..;0
5;Müşteri temsilcisi;Müşteri temsilcilerinden memnun değilim ne zaman gerek görsem hiç faydalı olmadılar;0
5;Yemeksepeti harika;Herşey çok iyi ve hızlı tebrikler;0
1;Tavsiye etmiyorum;Kimseye tavsiye etmiyorum. Aynı lokantanın fiyatları diğer uygulamalarda daha uygun ve kuponlar ile daha çok indirim uygulanıyor sisin fiyatların üstüne birde hizmet bedeli ekleniyor bu nasıl oluyor;0
4;Donmuş ürünlerde sorun;Donmuş ürünler maalesef tamamen çözülmüş olarak geliyor;0
5;Bildirimlerimi yönetemiyorum;Uygulama harika fakat bütün bildirimleri kapatmadan kampanya bildirimlerini kapatamıyorum. Sadece sipariş bildirimlerini açık tutabilmemiz için bir kullanıcı tercihi eklenmesini talep ediyorum. 2026’ya kadar düzeltilmez ise hizmetlerinizi kullanmayı bırakmayı düşünüyorum, teşekkürler!;0
5;Soğuk baklava;Hızlı ve özenli teslim edildi, nazik kurye için ayrıca teşekkür ederim. Soğuk baklava çok lezzetliydi 😋;0
1;Very poor customer service;"When I Complaint about Missing Item and Poor Customer Service
I’m really disappointed with this app.
I ordered 500 g and received only 250 g, and when I shared photos to show the mistake, the support team didn’t help at all. They didn’t even try to contact the restaurant to solve the problem.
Very poor customer service — I expected much better.";0
1;Müşteri Desteği Yok;Müşteri hizmetleri telefon numaranız yok, canlı chat’iniz yok. Müşteri temsilciniz yok mu? Koskoca yılların yemeksepeti’nden hiç beklemezdim. İlk defa böyle bir şeyle karşılaşıyorum. Adı olan ve müşteri desteği sağlamayan tek firma. Çok şaşırdım gerçekten.;0
1;Uygulama Açılmıyor;Uygulamayı silip tekrar yükleyince açılıyordu artık bu yöntemde işe yaramıyor.Sipariş veremiyorum.;1
1;Kalitesiz;Kapalı işletmelere sipariş verdirip gece gece iptal iadeler ile uğraştıran aç bırakan açıkta bırakan öylesine bir uygulama;0
1;Fatura Verilmemesi;Önce alışveriş sonra fiş ama bu sistemde bu imkansız. Yaptığımız harcamanın fişini alamıyoruz, neymiş sistem , eee sistemi siz kurguluyorsunuz. Fişini götürmeyen işyeri ile çalışmayın müşteriti mağdur etmeyin.;0
1;Yıllardır kullanıyorum BIRAKIN ARKADAŞLAR KULLANMAYIN;sipariş verip nasıl iletişime geçemeyiz. Getirmek için para alıp 2. Sipariş olarak teslim etmek nedir. 70 dk da gelin yemek ve iletişime bile geçemiyoruz.;0
1;Rezillik;Ürün yanlış geldi kuryeye iade ettim, teslim edildi gözüküyor ve para iademi yapmıyorlar. Rezilsiniz uygulamayı siliyorum bir daha asla kullanmam.;0
1;Ulaşılamayan müşteri hizmetleri ve sorunlu siparişler;"Merhaba Yemeksepeti uygulamasından bir sipariş verdim 55 dakika sonra ve buz gibi geldi siparişi teslim almadan iade etmek istedim kurye kapının önünde birilerini aradı bilgi vermek istedi sonra sizin uygulamadan bilgi vermeniz gerekiyormuş dedi ama bilmiyordu ki uygulamadan hiç kimseye ulaşılamıyor müşteri hizmetlerine ulaşmak mümkün değil. Eskiden yemeksepetinden sipariş verdiğimizde sorun olduğunda müşteri hizmetlerini arar onlar da hemen restorana dönerlerdi şu an ne müşteri hizmetlerine ulaşabiliyorsunuz ne sistemdeki restoran numaraları doğru ! 
Yemeksepeti‘nin kendi sistemindeki restoran numaraları güncel olmadığı için restorana ulaşma şansınız olmuyor ,sistem tamamen çökmüş , müşteri olarak kendi başına çözüm bulmaya çalışıyorsun bulabilirsen tabii";0
1;Sivas Cem pide Antalya;Yemek istedik. Kola da yanında ama kola gönderilmemiş. Paramızı istedik ama 90.  Tl.    Yerine 67 tl atılaran Sivas Cem pideden hiç bir şey almayın;0
1;Loser sepeti;Şu uyguluma satıldıktan sonra rezalet bir uygulama olmuş reziiller;0
1;REZALET;3 gün önce yemek sipariş ettim 600 küsür tuttu karttan parayı çekip siparişi iptal ettiler  ulaşmaya çalıştığımızda mesajlara cevap vermiyorlar aradığımızda açmıyorlar öğrenciyim böyle bir dolandırıcılık görmedim tüketici hakem heyitine başvurup bu uygulamayı silicem. Personellerinin depoda küçük bir kızı tecavüz ettiği günleri unutmadık. Berbat bir uygulama 1 puanı bile hak etmiyor.;0
1;Kötü firma;Gerçekten uygulama da firmanın niyeti de çok kötü. Sipariş 1 saat gecikiyor ama inatla müşteri hizmetlerine bağlanmamamız için yöntemlerin hepsini kapatmışlar. Müşteri hizmetleri ile konuşmak için yanlış kategoriden giriş yapmak vs lazım. Müşterisi umrunda olmayan yüksek komisyoncu iğrenç firma. Diğer firmaları kullanıyorum artık;0
5;Yorum;Çok iyidi;0
1;KULANANIN KENDİSİNE SAYGISI YOKTUR;7.15 Şipariş verdim 7.55 de Şipariş onayladı saat 8.15 halen kurye almamış şiparişi bi yemek zevkimiz var oda zehir oldu iptal etmek için canlı desteğe bağlamayım dedim yok bildiğiniz canlı destek yok rezillik;0
1;Rezalet;Çok kötü gerçekten bir sorun olduğunda kimseyle iletişime geçemiyorum paramın çekilmesi ile kalıyorum müşteri hizmetleri kafasına göre çağrı sonlandırıp yüzüme falan kapatıyor rezzil nasıl bi kuruluştur bu;0
5;Züperrrrr yıldızlı pekiyi;Züperrrrr yıldızlı pekiyi;0
1;REZALET;Böyle kötü bir uygulama görmedim komisyon oranlarını yüksek tutuyorlar ne esnaf özeniyor ne kurye gece sipariş veriyorum saat 12.30 da bana siparişi 03.00 de teslim ettirdiler kurye veya restaurantla alakalı değil altyapı ile alakalo normalde hic bi güc böyle yorum yazdıramaz inadına giriyorum kardesim bunarada bugünde siaprisim 50. dakikada yola ciktigindan çileden cıktım yoksa gene yazmayacaktım siliyorum uygulamayı;0
1;Yanlış sipariş;Market alışverişi yaptım. Beni siparişteki içerikler yok diye aradılar. Siparişi ne ben iptal edebiliyorum, ne de karşıdan iptal ediliyor. İade de edemedim. İstemediğim siparişlere parayı ödediğimle kaldım;0
1;Hayal kırıklığı;Ya cıdden sıparıs vermeye çalışıyoruz bı hasta oluştu dıyor ve kullandığımız kuponu gecersız sayıyor ne para cekılmıs ne de sıparıs oluşturulmuş boşu boşuna kuponları alıyor defalarca kez yasadık artık yeterbyanı Sureklı bı hata oluştu sorun oluştu dıyor her telefondan denedık ve sorun bıtmıyo cıdden hayal kırıklığı;0
5;Seviyoruz;Teşekkürler;0
1;Çalışan şeyi bozmuşlar 😀;Açılmıyor bile;0
5;Lezzetli;Zamanında geldi sıcak ve lezzetliydi elinize sağlık;0
1;Gün geçtikçe kötüye gidiyor;Bu uygulama gün geçtikçe kötüye gidiyor. Yanlışlıkla bir siparişiniz hatalı ya da eksik geldi mi vay halinize. Ne canlı destek ulaşabiliyorsunuz ve ulaşsanız da size yardımcı oluyorlar. Bir de kara listelerine girdiyseniz zaten biz sipariş verdikten sonra hiç şansımız yok eksik gelirse geçmiş olsun;0
5;Hediye;Turşu hediyeniz için teşekkürler. :);0
1;Dünyanın en kötü yemek sipariş uygulaması;Hesabınıza bile girip herhangi bir sipariş veremiyorsunuz söylenen indirimlerin bir çoğu sahte uygulamanın saçma sapan sistemlerinden bahsetmiyorum bile aklı olan bu uygulamayı kullanmaz;0
1;Fatura yok KDV yok İPTAL;Sipariş notlarını okuyan yok mu? Yemek geldi fatura olmadığından yemeği teslim alamadım, yemek sepetine hiç ulaşamadım, restoran ve kurye şirketi ulaştı, fakat yemek sepeti ortada yok. Vergi kaçırmak normalleştimi?;0
1;REZİLLİK;1 yıldız bile çok yemeğimi göndermediler ve para iademide yapmadılar destek hattına ulaşılamıyor bile gece olunca yemekler 3 katı fiyat oluyor;0
1;REZİLLİK;gece yemek söyledim teslim edildi gözüküyor edilmedi müşteri hizmetleri yok başıma geleni yazıp restorantla iletişim bile kuramıyorum nerde çakal restorant varsa hepsi içinde kaç kez bu sıkıntıyı yaşadım bu sondu artık hayatta kullanmam;0
3;Ödeme yöntemi;Kapıda temassız kredi kartında sorun yaşamak istemiyorum ödeme seçeneğinde seçtiğim kapıda temasız bir şekilde ödeme yapmak istiyorum.;0
5;A;Buradan İlk defa sipariş verdim ilk defa bi siparişin bu kadar hızlı geldiğini gördüm üründe sıcak ve lezzetliydi  tekrar vericem;0
4;kupon;kuponu uyguladiktan sonra sepeti onaylamamisim geri geliyorum tekrar girmeye calisinca kupon kullanildi diyo yaptiginiz stajere mi yaptirdiniz su uygulamayi;0
1;Uygulama;Tlf değişimi yapınca uygulamanın kullanılamıyor olması, next ekranı çıkıyor ve asla ekran değişmiyor. Aylardır kullanamıyorum. Uygulamayı silip tekrar yüklüyorum ancak yine değişmiyor;0
1;Kullanıcıyı umursamayan uygulama;verdiğim sipariş toplam 135 dk gecikti, restoran beni arıyor abi kurye gelmedi yemek bekliyor diye, ben uygulamaya ulaşamıyorum yemek gecikti diye çünkü izin vermiyor uygulama :D zaten verilerimizi çaldıran bir şirket, bari işlerini iyi yapsalardı. son kez kullandım bugün;0
1;Rezalet;1 yıldız bile fazla;0
5;Helal olsun;Eşimin canı kahve çekti tüm motorize sektörleri kapalı ama yemek sepeti kar kış kıyamet demeden ekmeğin peşinde helal olsun size kazandığınız para sonuna kadar helal;0
5;Daha güzel indirimler bekliyorum;İndirimlerin daha bol olmasını istiyoruz;0
1;Uygulama açılmıyor kullanışsız güncelleme;Uygulama çalışmıyor açılmıyor s6plus telefonda açılmıyor çok saçma şikayetçiyim;2
1;Market Siparişlerinde Haksız Yere Ücretler Farklı Alınıyor.;Market siparişini 900TL olarak ödedim, marketin bana kestiği fiş 600TL. Aradaki 300TL kimsenin sorumluluğunda değilmiş gibi davranıp haksız kazanç sağlıyorlar.;0
1;IYGULAMA AÇILMIYOR;Kırmızı ekranda logonun oldu yerde takılıp kalıyor açılmıoyorrrr her siparişte indirp tekrar yuklemem gerekiyor artık şuna bir çözüm bulunn;2
1;Bir puan bile fazla;Ne canlı yardımınız var ne müşteri hizmetleriniz, sözde şikayet oluşturuyoruz ama iki dk sonra bakınca şikayet de ortadan kayboluyo, yazıklar olsun size, Nevzat bey size satmasaydı keşke, siz bizi haketmiyorsunuz!!!!;0
1;Müşteri memnuniyeti;Müşteriyi mağdur etmek için elinizden geleni yapıyorsunuz. Gerek sipariş iptalinde gerek canlı destek gerektiğinde rezil bir sisteminiz var.;0
1;Kullanılabilicek en kötü yemek sipariş uygulaması;Allah kimseye göstermesin hiçbir şekilde müşteri hizmetleri diye bir bölüm yok yemeğiniz teslim edilmedi mi ha bir de üstüne restoranta da ulaşamadınız mı asla iptal bile etme şansı vermiyor size uygulama ve müşteri hizmetleri diye işleyen bir sistemi de yok öyle kalıveriyorsunuz;0
1;Uygulama;Uygulamaya ne olduysa artık ikinci kere giremiyorum sürekli silip tekrar indirmem gerekiyor girmek için ve çok usandırıcı daha da indirmeyi düşünmüyorum bu sorun düzeltilene kadar;1
1;Dolandırclar;Maydonoz yerden 125 gramlık tavuk döner istedim yarın de 75 gramlık geldi müşteri hizmetlerinde ulaşınca bir şey yapamayız dediler istersen 80 TL kupon olarak hesabını yatar çok ayıpt;0
1;En iyisi iken en kötüsü olmayı başaran uygulama;Bir siparişi 2 saat içerisinde teslim etmeye çalıştılar işletme edemediler ilk 45 dakikasında paketi iptal etmek istedim ürün hazırlanıyor olduğu için siparişi iptal edemediler müşteri temsilcisi ile hiçbir şekilde iletişim sağlanamıyor artık vasatsınız;0
1;Diyecek bişey yok;O kadar kötü;1
1;Müşteri hizmeti koyun şuna;Müşteri hizmeti yok;0
1;Dunyanin en bos uygulamasi;Satildiktan sonra ne kuryesi var ne musteri temsilcisi tezalet sildim;1
2;Çok kötü;2005 den beri üyeyim kapıda ödeme kabul etmiyor satıldığından beri hep geriye gidiyor uygulama deneyimi;1
5;İyi ki var!;Benim kurtarıcım her zaman teşekkürler;0
5;Teşekkürler;Bizim hatamızdan dolayı yemeği ikinci kez getirdiler teşekkürler;0
1;Soygun;Kurye siparişi getirmedi paramı da iade etmediler;0
2;İphone 7;Sanırım 7 sahiplerini gözden çıkardınız!!;1
1;Burgerking yemek sepeti el ele dolandırma vakası;Burgerkingden yemek sepeti üzerinden sipariş verdim whopper jr yerine 3 tane normal whopper istedim 240 tl fark ödedim . Whopper jr geldi. Yemeksepeti yardımcı olmadı;0
5;Çok başarılıydı ellerinize sağlık;Çok başarılıydı ellerinize sağlık;0
5;Gedik döner be acılı pliç;Hayatımda yediğim Allah affetsin en dandik döner ve piliç / kesinlikle tavsiye etmiyorum;0
1;Yorum ve puanlar sahte;Restorana yaptığım yorumlar görünmüyor. Puanlamalar güvenilir değil. Favori listenizden restoranları çıkaramıyorsunuz. Online ödenen sipariş gelmiyor ama iptal de edemiyorsunuz. Restorana ya da müşteri hizmetlerine ulaşamıyorsunuz. Saymakla bitmez. İndirmeyin. Güvenilir değil. Her şey sahte. Resimler, yorumlar, puanlamalar…;0
1;Rezalet Ötesi İçin Hazır Olun;Berbat artık eski sistemleri yok.  Destek bulamıyorsunuz. Restoran numaraları yanlış. Restoranlar keyfine göre bekliyorsunuz. Canlı destek yok. Sadece para kazanma odaklı bir sistem olmuş. Önceden böyle değildi. Alternatiflere bakın.;1
1;Paraya doyamadınız;Hayırdır, milletin üzerinden komisyonlarla mı zengin olacaksınız? Hem restoranttan al hem sipariş verenden hizmet bedeli oh ne ala memleket;0
1;Keşke denemeseydim.;"Siparişimi getiren kurye, yemeğin “allak bullak olduğunu” söyleyip isterseniz iptal edebilirsiniz dedi. Kapıda iptali kabul ettim ve yemeği teslim almadım. Ancak sonrasında müşteri hizmetlerine ulaşmaya çalıştığımda hiçbir şekilde yardımcı olunmadı; konuyu doğrudan kapatıp ilgisiz davrandılar. Üstelik Yemeksepeti’nin telefonla ulaşılabilecek bir müşteri hizmeti numarası bile yok, sadece mektup yazabiliyorsunuz.

Ne yemeğim geldi ne de para iadem yapıldı. Böyle bir durumda müşteriye bu kadar ilgisiz davranılması kabul edilemez. Hem kurye hem de müşteri hizmetleri tarafında ciddi bir sorumsuzluk var.

Bu yaşananlardan sonra Yemeksepeti’ni asla bir daha tercih etmeyeceğim.";0
5;Rezilli;Kendi kendilerine ürünü iptal ediyorlar ne bilgi var nede başka birşey;0
1;BERBAT SİSTEM !!!;YAZMAKTAN USANDIM ARTIKK KAPIDA ÖDEME YAPTIKTAN SONRA İLK ONLİNE ÖDEMEDE BİLGİLERİ GİRİYORUM VE YİNE KAPIDA ÖDEMEYE YÖNLENDİRİYOR…ONLİNE ÖDEMEDEN FAYDALANMAM İÇİN 2 KERE KART BİLGİLERİNİ GİRMEM GEREK….2 SENE ÖNCE YİNE YAZDIM YİNE YAZDIM AMA TIK YOKK NE BİÇİM ÇALIŞANLARINIZ VAR HİÇ KONTROL ETMİYOR MUSUNUZ SİSTEMDEN VE HER TELEFONDA AYNI ŞEY OLUYOR BANA ÖZGÜ DEĞİL !!!!!;1
1;Hizmet Bedeli?;Sanki restoranlardan aldıkları afaki komisyon yetmezmiş gibi şimdi de müşterilerden de “hizmet bedeli” adı altında her siparişten “5,99₺” ek ücret alıyorlar. Uygulamayı kullanmayın kullandırmayın. Ses çıkarmadıkça daha fazlasını da alacaklar…;0
1;Açılmıyor;Ios 15 açılmıyor leş;2
1;Uygulama açılmıyor;Sildim tekrar yükledim bir kere girebildim ikinci seferde yine açılmadı..bir çok yorum var belliki dikkate almıyorsunuz ..son kez üyeliğimi silmek için yükleyip birdaha kaydolmamak üzere sileceğim ..bu ne yaa tamamen zaman kaybı beklediğim dakikalarıma yazık;2
1;Rezillik!;Müşteri desteği yok restoranın keyfini saatlerce bekliyorsunuz paranızı geri alıp alamayacağınız bile belli değil. Tamamen iğrenç bi uygulamaya dönüştü;1
1;Uygulama açılmıyor;Uygulama açılmıyor ben 10 kere indir sil yaptım telefonda problem yok gayet uygulamada bir problem var giriyorum kuruyorum uygulamayı birdahaki sefere kesinlikle açılmıyor rezalet;1
5;Teşekkür;Just 4 Pizza firmasına ve Kurye çalışanı güleryüzlü kardeşe Yemek sepatine teşekkür ederim;0
1;Teslimat;Kuryeler siparişleri bilerek geç bırakıyor, uygulamanın  sipariş takip sayfası berbat berbat berbat 19:30 da verdiğim sipariş sistemde hala hazırlanıyor olarak gözüküyor ama restorantı aradığımda kurye ye verildi diyor saat 21:30 oldu kurye ortada yok büyük ihtimalle kurye geldiğinde siparişim buz gibi gelecek Allah belanızı versin bu sorunu 1 değil 1 den fazla yaşadım bu uygulama da vermeyin bu uygulamadan sipariş.;0
1;Saatlerce bekliyoruz kuryelerinin keyfi olsunda yemeği getirsin diye;Kullanıcı dostu değil;0
3;Cüzdan sorunu;Cüzdana iade edilen tutar üzerinden yeni bir alışveriş yaptım. İkinci kez cüzdanıma iade yapıldı firma tarafından. Tutarın tamamını kartıma aktaramıyorum. Defalarca destek talebinde bulunmama rağmen mağduriyetim giderilmedi.;0
5;Mükemmel;Herşey süper anında geldi;0
1;İade müşteri hizmetleri;Sipariş etmiş olduğum hamburgerde köfte yoktu ve elmalı tart gelmedi fotoğraf attım fotoğrafları bir önceki gün çekmiş olduğum için kabul etmediler ve canlı destek sohbeti yarıda kapattı;0
1;Açılmıyor! y logosunda kalıyor!!!;Eskiden bir sorun yoktu son güncellemelerden sonra uygulama Y logosunda takılı kalıyor ve açılmıyor. Diğer yemek uygulamalarında böyle bir sorun yok. Açılmadığı için başka uygulamadan sipariş veriyorum. Şu sorunu çözmeniz lazım!;2
1;Rezalet;Müşteriyi koruyacak hiçbir şey yok kesinlikle muhatap bulamıyorsun oradan oraya tıklattırıp sorununu çözmüyorlar. Öncelik için ekstra ödemek ister misin diyorlar ödüyorsun daha geç getiriyorlar haram zıkkım olsun;0
1;Online ödeme sorunu;Online ödeme yapılamıyor. 4 farklı kart deniyorum hepsinde para var fakat ödemeniz reddedildi diyor. Daha önce de birçok kez bu sorunu yaşadım. Uygulamayı silip yükleyince düzeliyordu şuan düzelmiyor. Başka platformdan yemek söylediğimde kartlarım çalışıyor. Şu sorunu yıllardır çözemeyen bir uygulama......;0
1;Çalışanlarına değer vermiyor;Çalışanlarına değer vermeyen şirketlerin uygulamalarını da kullanmıyorum. Bugün haberlerde maaşlarını ve şartlarını protesto eden kuryelerin hesaplarının kapatıldığını gördüm. Ben de hesabımı ve uygulamayı siliyorum.;0
1;İos da uygulama açmıyor;Merhaba, İos 15.8.5 de uygulama açılmıyor giriş yapıyorum ilk ekranda kalıyor uygulama desteği mi kalktı yoksa uygulamanızda bir hata mı var? Lütfen şu sorunu düzeltin..;2
1;İlgisizlik;App gittikçe karmaşıklaşıyor. Teslim edilmeyen teslimatla ilgili iletişime geçiyorsun Chatbot ile yazışıyorsun. Sana talebini sormadan paran cüzdana iade olacak diyor. Belki ben bir daha alış veriş yapmak istemiyorum. Neden bankama ilave olmuyor ? Süreçle ilgili olumsuz geri bildirim verirken de o ekrandan attı beni uygulama. Hem esnaftan fahiş kesinti yapılıyor hem de her siparişte hizmet bedeli alınıyor. Yemeksepeti bu ücreti hak etmiyor!;1
1;Kötü sistem;O kadar kötüki hem müşteri hizmetleri hem uygulamaları kurye yola cıkmıs gorunuyor bende yemek bekliyorum bi giriyorum meğersem dükkan siparişi iptal etmiş ama bende kurye yolda yazıyor iadede gelmiyor bi türlü trendyol go bundan kat kat iyi;2
2;Karisik arayuz;Ucretsiz uygulama gibi heryerdren surekli bi kampanya cikiyor, siparis vermene bile musade etmiyor bu bildirimler. Karmasik bir uygulama. Sadelestirilmeli.;0
1;Kurye Saygısızlığını Engelleyemeyen Uygulama;Bu uygulama ne zamandan beri kuryeler gördükleri numaraları arayıp insanlara sipariş alması için belli yerlere gelmesi gerektiği şartını koyan bir uygulama oldu? Ana mantığına tamamen ters. Aynı işi yapan diğer uygulamalar kesinlikle tercih edilmeli;1
3;Yemek sepeti;Bazen ürünler eksik geliyor birde transfer ücreti çok oluyor;0
